frame,time,squat_id,state,phase,knee_angle,hip_angle,trunk_angle,knee_angle_imu_sync
18,0.6,,STANDING,,176.6818414616152,2.366326547536719,3.372929214064168,171.00840693964147
19,0.633,,STANDING,,176.6144571512453,2.319050738372693,3.34774100148935,171.61952522015116
20,0.667,,STANDING,,176.61336592555443,2.3046631159764104,3.337822254170165,172.3372747461814
21,0.7,,STANDING,,176.66352834761383,2.3141001353825192,3.336541421887707,172.87832322700018
22,0.734,,STANDING,,176.75665386144243,2.328098863311838,3.3284145676704058,173.27795604195484
23,0.767,,STANDING,,176.92542755694734,2.3728814764005293,3.323452064786514,173.7760815338536
24,0.8,,STANDING,,177.10946774252818,2.425279948534133,3.3211488920491625,174.65091486514441
25,0.834,,STANDING,,177.3445706770621,2.4966555705726274,3.320174515310032,175.82706130305542
26,0.867,,STANDING,,177.57653587438423,2.569234412373653,3.320160890928436,176.8186790269297
27,0.9,,STANDING,,177.74534719217831,2.6206944360402917,3.2970474998913675,177.3016816113779
28,0.934,,STANDING,,177.9940715143794,2.6965195938615296,3.270863300015094,177.30848551976933
29,0.967,,STANDING,,178.21094998662903,2.7520497788066764,3.2356586561816143,177.23564911335228
30,1.001,,STANDING,,178.42781333433604,2.791917316693013,3.170959383227166,177.44960852860666
31,1.034,,STANDING,,178.66246999213004,2.8358464542137463,3.1069178025407966,177.94519466364056
32,1.067,,STANDING,,178.91104095807887,2.889334258403374,3.0677246688334816,178.4199123987791
33,1.101,,STANDING,,179.14405825173742,2.937740810881305,3.024395405870856,178.74047666587543
34,1.134,,STANDING,,179.4161685648712,3.003903546292806,2.982868813256451,179.14753452188728
35,1.167,,STANDING,,179.5950305828855,3.0294579768422425,2.945242933273416,179.42734042353828
36,1.201,,STANDING,,179.71598211727493,3.0421564933927834,2.901993480442348,179.6685868063028
37,1.234,,STANDING,,179.83907663927155,3.0687910128615936,2.8651793266837644,179.90255708448012
38,1.267,,STANDING,,179.81210261258929,3.039846558383247,2.8279543551643864,179.88524891602165
39,1.301,,STANDING,,179.74861837930638,3.002238115264011,2.8008603272387296,179.7385448306555
40,1.334,,STANDING,,179.6642895620543,2.985748704114393,2.801585439441708,179.679142940417
41,1.368,,STANDING,,179.59870618335745,2.967804240225631,2.806438193732323,179.6671693674423
42,1.401,,STANDING,,179.5430774692498,2.9482132055068657,2.815809576562882,179.6430577264705
43,1.434,,STANDING,,179.47019140530054,2.8948350114679267,2.7982438851174973,179.5621495529661
44,1.468,,STANDING,,179.4353113522083,2.8654372677774496,2.7920087451783178,179.43032680974784
45,1.501,,STANDING,,179.35230600341168,2.817750827267051,2.7866991343839245,179.31207004486018
46,1.534,,STANDING,,179.29118901178637,2.779239187149769,2.792347739963742,179.25383550106517
47,1.568,,STANDING,,179.19458812558037,2.726705505710196,2.799860040782091,179.26922445637908
48,1.601,,STANDING,,179.10930408591784,2.6919844632435077,2.8229491263997866,179.32382244345797
49,1.634,,STANDING,,178.99112577477658,2.648313102688721,2.844682132620864,179.35183591138983
50,1.668,,STANDING,,178.95729768267984,2.6245480981446367,2.8587209290321485,179.31206545266662
51,1.701,,STANDING,,178.91948823761632,2.6099481747255058,2.876997876655381,179.23561425539057
52,1.735,,STANDING,,178.88834751284148,2.5918636978635616,2.8954356115599653,179.1870393520682
53,1.768,,STANDING,,178.88988617176102,2.60934316619755,2.94507514860506,179.191280134569
54,1.801,,STANDING,,178.90932744771578,2.627412915258146,2.991286901720997,179.21932812249815
55,1.835,,STANDING,,178.94037938044474,2.656255369846816,3.044655949465023,179.25949272780989
56,1.868,,STANDING,,178.99724397933645,2.683386272999755,3.0918543916829484,179.33222451673345
57,1.901,,STANDING,,178.98560157719584,2.7032538336785934,3.141004687392646,179.44368089436563
58,1.935,,STANDING,,178.9443001521117,2.71665268126027,3.1910430885820302,179.54705522219174
59,1.968,,STANDING,,178.8131901915318,2.705261001471136,3.246886529462905,179.58452227589916
60,2.002,,STANDING,,178.67554674762513,2.6869046333435307,3.3012664172068305,179.5503477965324
61,2.035,,STANDING,,178.51112785504876,2.665926909561964,3.354200084018978,179.47190013203496
62,2.068,,STANDING,,178.4642393106192,2.668694371362762,3.402501697268869,179.37352519311366
63,2.102,,STANDING,,178.45497601515146,2.6950564072411725,3.4574823541085564,179.27272169121989
64,2.135,,STANDING,,178.51990257065626,2.73574604951238,3.498947085986989,179.19774516353036
65,2.168,,STANDING,,178.59615201210946,2.790795814669392,3.5402183497699427,179.17287813893043
66,2.202,,STANDING,,178.67966779789674,2.8478416300317786,3.580207682075835,179.20072153419457
67,2.235,,STANDING,,178.75683818829188,2.8878091283163347,3.60333715580533,179.23128098005625
68,2.268,,STANDING,,178.80435183063577,2.9066987282046317,3.6050637338728775,179.21041357884715
69,2.302,,STANDING,,178.86479722715745,2.92831382243672,3.6005990027118195,179.09787670863773
70,2.335,,STANDING,,178.91930154783137,2.9355925571030346,3.5820591705309823,178.90852963417194
71,2.369,,STANDING,,178.9610500151859,2.9328208190579046,3.5480783797502853,178.68384965865891
72,2.402,,STANDING,,178.98561107256782,2.897437971308021,3.474062933653502,178.50825234874196
73,2.435,,STANDING,,179.06150543352788,2.840836029395862,3.3606477646527666,178.4008254463563
74,2.469,,STANDING,,179.1267906752594,2.7611536052771264,3.2274095290179843,178.3247702015842
75,2.502,,STANDING,,179.15284412935864,2.650038809720912,3.0728509666340664,178.24655286816753
76,2.535,,STANDING,,179.16197071673508,2.520706916816195,2.912181060986572,178.1813502856074
77,2.569,,STANDING,,179.26320379555264,2.450280957034166,2.7915960083651097,178.16219624805922
78,2.602,,STANDING,,179.380760475427,2.40600773731087,2.710669508589307,178.19249170025958
79,2.635,,STANDING,,179.4681984749342,2.3669878477921795,2.637101176386886,178.25776472398258
80,2.669,,STANDING,,179.5508862246011,2.3388515737626348,2.5800787880796845,178.3365965214641
81,2.702,,STANDING,,179.6617951464611,2.3371316797142265,2.548970108810868,178.3770644969504
82,2.736,,STANDING,,179.72905462194657,2.3586843399412927,2.542454328711083,178.35972223230416
83,2.769,,STANDING,,179.6770515590299,2.3701231625798647,2.5454765484703934,178.30830523565018
84,2.802,,STANDING,,179.65921193097577,2.373557741956507,2.550394790246794,178.24723253986582
85,2.836,,STANDING,,179.683903391642,2.4017146311754303,2.5810239115438027,178.19415452345226
86,2.869,,STANDING,,179.70325027695844,2.4287815232892767,2.621398469905017,178.19034626190853
87,2.902,,STANDING,,179.68398823271576,2.419637397141506,2.6581818588030406,178.2542443355403
88,2.936,,STANDING,,179.720037554183,2.412416823701673,2.701938614095593,178.3557113081272
89,2.969,,STANDING,,179.71104912231445,2.440046488200544,2.7638312025178067,178.44571913955585
90,3.003,,STANDING,,179.69077844506756,2.476135340743264,2.8330747858357275,178.50972398247814
91,3.036,,STANDING,,179.64150986125455,2.522414400865069,2.8944117687971223,178.53604916155726
92,3.069,,STANDING,,179.56342994169552,2.5912585578991063,2.966232778811018,178.5355882297917
93,3.103,,STANDING,,179.4925208043225,2.66604074661499,3.04327673789807,178.54999960646154
94,3.136,,STANDING,,179.45829404363,2.7413694172285714,3.129080163387063,178.6008729769773
95,3.169,,STANDING,,179.4592793474303,2.794428765443985,3.1920622855673555,178.65837107010313
96,3.203,,STANDING,,179.4702884304949,2.841075476397145,3.265156030352236,178.6916386094915
97,3.236,,STANDING,,179.51796995134185,2.8552577971447226,3.306991738810241,178.7028066516583
98,3.269,,STANDING,,179.59317826709778,2.8148968729884003,3.2973283479776327,178.69795109871563
99,3.303,,STANDING,,179.65839373718228,2.7363801901050557,3.2479537008340413,178.67719798619567
100,3.336,,STANDING,,179.69608412061783,2.6506396282579727,3.184182344635599,178.66582606905828
101,3.37,,STANDING,,179.76152203221824,2.526015409373617,3.0779077208032226,178.6869308883615
102,3.403,,STANDING,,179.8015425786378,2.4132821003705844,2.9835468805561054,178.72044955234517
103,3.436,,STANDING,,179.80523944351623,2.323336896363285,2.902051041986065,178.73216830879772
104,3.47,,STANDING,,179.83097156598947,2.245684196602415,2.83389159137806,178.71183225563013
105,3.503,,STANDING,,179.8581909986408,2.177542234645584,2.774322303039278,178.67106619850728
106,3.536,,STANDING,,179.8663744820476,2.1352994640653344,2.73097031564957,178.61211493927212
107,3.57,,STANDING,,179.85003704173488,2.0959447272769074,2.687433450789636,178.52333917600487
108,3.603,,STANDING,,179.82759311028732,2.07602963956219,2.661459861184506,178.40715984816848
109,3.636,,STANDING,,178.834932392673,1.766338304313095,2.645349411378677,178.27466870563651
110,3.67,,STANDING,,178.05773889176223,1.5145225230638633,2.623504298664312,178.15162186181828
111,3.703,,STANDING,,177.38929529881386,1.2867245734073631,2.5994524947211146,178.0785464553645
112,3.737,,STANDING,,176.90527369027777,1.0977299191565135,2.5743791957829565,178.06056694622973
113,3.77,,STANDING,,176.6306066491251,0.973689821825272,2.5605525862339205,178.07505400804845
114,3.803,,STANDING,,177.35782672029896,1.171401342591975,2.5663874860125158,178.08684752688953
115,3.837,,STANDING,,177.88407164193174,1.2944196032689144,2.544665354352093,178.08738713683312
116,3.87,,STANDING,,178.29969848910827,1.3786133985162237,2.519012142488878,178.09527346765069
117,3.903,,STANDING,,178.57241034963195,1.4223998365196118,2.4951217365371208,178.1306732121435
118,3.937,,STANDING,,178.62804608133965,1.3899657691059182,2.450246784998245,178.19869638561846
119,3.97,,STANDING,,178.65863223106732,1.33986533270508,2.38592982780287,178.2809608467123
120,4.004,,STANDING,,178.62986430657094,1.282392987048402,2.338248478253042,178.35669511516755
121,4.037,,STANDING,,178.56169123818157,1.2141336261529136,2.2955557744916013,178.40617632419097
122,4.07,,STANDING,,178.48014368499375,1.135452717994363,2.2462674915406797,178.44376768377143
123,4.104,,STANDING,,178.4262695222254,1.0743205478561295,2.2036265959317687,178.50496038007506
124,4.137,,STANDING,,178.3535608809447,1.0073890169993385,2.158090177187869,178.60262888580652
125,4.17,,STANDING,,178.28169525103823,0.9663656338291168,2.1480487923884874,178.70716578679676
126,4.204,,STANDING,,178.23321599214182,0.9424895747966596,2.139314340749287,178.7585486378242
127,4.237,,STANDING,,178.18358922386665,0.9103931235147918,2.1235773097476898,178.72657486271126
128,4.27,,STANDING,,178.16248300028812,0.8730073889268504,2.0973189202252867,178.6478763000818
129,4.304,,STANDING,,178.0742974423528,0.8119014623326641,2.0722187290021647,178.5831767025187
130,4.337,,STANDING,,177.97323944541807,0.7401460461757394,2.031177084920353,178.56740217203517
131,4.371,,STANDING,,177.9523129755367,0.6977085191328433,1.995135850866552,178.58360233483012
132,4.404,,STANDING,,178.00015186315508,0.6786885260769504,1.960103232452309,178.599004375255
133,4.437,,STANDING,,178.08220052635724,0.715690579977975,1.9666095142719613,178.6025210675467
134,4.471,,STANDING,,178.25310901751186,0.77839471782383,1.9703430728648432,178.6001341758797
135,4.504,,STANDING,,178.46616574136326,0.8604670118507446,1.9795622756387687,178.59617011804886
136,4.537,,STANDING,,178.64014591671864,0.920217964743115,1.9720069496890984,178.57958110318557
137,4.571,,STANDING,,178.7054147072511,0.939565671157131,1.9601830345779585,178.53007572902808
138,4.604,,STANDING,,178.69610792910063,0.9093745548260012,1.9216086092103644,178.4527614169253
139,4.637,,STANDING,,178.64414898871294,0.8561386737695613,1.8703848787729436,178.37361773432832
140,4.671,,STANDING,,178.4958788529962,0.781924599111222,1.830707391014514,178.3184897323039
141,4.704,,STANDING,,178.32419691788988,0.7149158243771774,1.8099915173888423,178.29542981160247
142,4.738,,STANDING,,178.15840592828818,0.6407422380390415,1.7736895696637898,178.28883244810288
143,4.771,,STANDING,,177.9652600150842,0.603914468378246,1.783904258654233,178.2773876651203
144,4.804,,STANDING,,177.34321822950625,0.4839470782186604,1.8446689451630216,178.24505106861434
145,4.838,,STANDING,,177.04238355765966,0.4509220179023089,1.884917719586696,178.19575191529705
146,4.871,,STANDING,,176.80094296416922,0.405805154377074,1.917410375275082,178.154733805792
147,4.904,,STANDING,,176.60366605410118,0.3976585380628656,1.9774738906702451,178.1339043707765
148,4.938,,STANDING,,176.4269195935255,0.3375807570542421,1.976161760561793,178.1272545243965
149,4.971,,STANDING,,176.70918672472155,0.3904839846158301,1.9543866566250057,178.11636475615035
150,5.005,,STANDING,,176.87628096386143,0.4191074617426927,1.9619989927736907,178.09774426587612
151,5.038,,STANDING,,177.01699145005765,0.4858678642214006,2.000656201633712,178.09586405757796
152,5.071,,STANDING,,176.64850537909192,0.453068616897172,2.088384327803939,178.1297500550322
153,5.105,,STANDING,,176.36847803603354,0.4986667917346315,2.258189066470692,178.19440130971674
154,5.138,,STANDING,,176.40238078403087,0.6704891962191407,2.471710246700656,178.257785099934
155,5.171,,STANDING,,176.34479723219823,0.8399592303780283,2.732232290643224,178.2973042706487
156,5.205,,STANDING,,176.2822111066602,1.000879246288822,2.98742372284549,178.35739271627082
157,5.238,,STANDING,,176.7276410515451,1.3002586955546007,3.2659286739184545,178.54873154567295
158,5.271,,STANDING,,177.11076678210333,1.581693951063913,3.546746545197521,178.95043488593936
159,5.305,,STANDING,,177.1657189910435,1.7398878388249015,3.796534946985271,179.50153886707608
160,5.338,,STANDING,,177.1339503968084,1.7308008442271337,3.886201143725143,179.994180965615
161,5.372,,STANDING,,177.09399108181643,1.674445101653578,3.925455423590271,179.65623617712782
162,5.405,,STANDING,,177.00174452367062,1.4828901210619254,3.804622697186738,179.51373232331494
163,5.438,,STANDING,,176.76862497337908,1.0935361846520348,3.470692017782844,179.42275740427806
164,5.472,,STANDING,,176.33864535908484,0.9152380338160666,2.927814556196604,179.1796486848806
165,5.505,,STANDING,,175.6782166531285,1.1985235478323275,2.172092901375115,178.6428310789542
166,5.538,,STANDING,,174.53068678664772,2.022089233095144,1.906286572101292,177.71897526334902
167,5.572,,STANDING,,172.80646845808766,3.6084176155933454,2.30003943501418,176.3296728170799
168,5.605,,STANDING,,170.64609727260097,5.97683053271669,3.454283294928726,174.54899892907804
169,5.638,,STANDING,,167.87091517150822,8.949595526039072,5.571148923675515,172.277174971597
170,5.672,,STANDING,,164.73173655435463,12.292689585960538,8.68692393262253,169.4022290873466
171,5.705,,STANDING,,160.67488915546772,16.09973724941234,11.959242207922212,166.33073502957106
172,5.739,1.0,DESCENDING,START,155.82525544270177,20.20713160460792,15.174522528141376,163.20177074541985
173,5.772,1.0,DESCENDING,START,150.68221221504214,24.382876434287034,18.176535197800387,160.24130634594187
174,5.805,1.0,DESCENDING,START,145.36125190935985,28.60071790880388,20.82989802298706,157.1854666280771
175,5.839,1.0,DESCENDING,START,139.92834611178225,32.805023804266355,23.17877039851088,153.96714114636777
176,5.872,1.0,DESCENDING,START,135.1660444443263,36.475695051849456,25.17921009576901,150.9944868094103
177,5.905,1.0,DESCENDING,START,130.999313030187,39.55392075884569,26.957603384158592,148.2246397594669
178,5.939,1.0,DESCENDING,START,126.92160688030287,42.295042401376406,28.54587368072304,145.40914909629765
179,5.972,1.0,DESCENDING,START,123.14240808814604,44.68636956017603,29.963531224409557,142.59258318729735
180,6.006,1.0,DESCENDING,START,119.71794019912883,46.82972385534525,31.204783283354004,139.67043567078858
181,6.039,1.0,DESCENDING,START,116.20738631411102,49.04106231604354,32.24780194874377,136.93362145606739
182,6.072,1.0,DESCENDING,START,113.3041934275549,51.17300581466709,33.253947354436455,134.43509292122332
183,6.106,1.0,DESCENDING,START,110.52279311920115,53.39842298924631,34.241652168419826,132.17071272354298
184,6.139,1.0,DESCENDING,START,108.5485136829912,55.29847998064811,35.276275293137,130.23022085734866
185,6.172,1.0,DESCENDING,START,106.46622527490908,57.37345639074581,36.22977208830319,128.5395210227946
186,6.206,1.0,DESCENDING,START,104.81559848473364,59.41535024633227,37.32837227536798,127.07562693856669
187,6.239,1.0,DESCENDING,START,103.8804828548236,61.213204881328025,38.389597007728206,125.82783471627843
188,6.272,1.0,DESCENDING,START,103.30274826206156,62.8496797094572,39.44498900054348,124.57206045279072
189,6.306,1.0,DESCENDING,START,102.84510201092102,64.51765404691363,40.30617842274584,123.13229205395326
190,6.339,1.0,DESCENDING,START,102.95325268636186,65.54376104823632,41.15128369097217,121.58649176667424
191,6.373,1.0,DESCENDING,START,103.83406114687594,66.18279566918784,41.93415217087551,119.94227214887327
192,6.406,1.0,DESCENDING,START,107.417289786197,66.97795864871586,42.64698103382271,118.35493535371474
193,6.439,1.0,DESCENDING,START,110.39338191554988,68.1202322386619,43.23473651037268,116.79108013733779
194,6.473,1.0,DESCENDING,START,112.57509928416316,69.55226400763635,43.7207397479384,115.24232128444379
195,6.506,1.0,DESCENDING,START,113.11876476052744,71.21317676832874,44.17159540562172,113.79470604730237
196,6.539,1.0,DESCENDING,START,111.78532011802956,72.94407810523401,44.51526553739304,112.36946119986942
197,6.573,1.0,DESCENDING,START,106.3657541203314,74.55528343275375,44.75378937853037,110.94832972339871
198,6.606,1.0,DESCENDING,START,101.36884850362318,75.56854136082677,44.99817204510855,109.53111944022476
199,6.639,1.0,DESCENDING,START,96.5679446705345,76.17783514775712,45.28202892755242,107.87537902031258
200,6.673,1.0,DESCENDING,START,93.17947675918322,76.45546835397656,45.512236743552826,105.94236165934932
201,6.706,1.0,DESCENDING,START,91.13739190767302,76.56512161936456,45.64351838808216,104.06425320787459
202,6.74,1.0,DESCENDING,START,90.26198623604218,76.3812019969546,45.74643860610809,102.37160611432623
203,6.773,1.0,BOTTOM,BOTTOM,89.98081430218342,76.11573104728326,45.77283895260829,101.16353679927161
204,6.806,1.0,ASCENDING,ASCENT,90.30087500409088,75.78005339748229,45.70384022103884,100.38051577904233
205,6.84,1.0,ASCENDING,ASCENT,90.82462171436416,75.4967314317299,45.38443237041096,99.8270102401608
206,6.873,1.0,ASCENDING,ASCENT,92.37325567560052,74.51755186027856,44.965547587017,99.40732432844142
207,6.906,1.0,ASCENDING,ASCENT,95.31181637461118,73.21792026731381,44.42159691124604,99.13463234180401
208,6.94,1.0,ASCENDING,ASCENT,98.47874108663272,71.39299559479306,43.72310470146603,99.11863331518667
209,6.973,1.0,ASCENDING,ASCENT,102.712074720743,68.70070675464788,42.70525120109413,99.4374693391637
210,7.007,1.0,ASCENDING,ASCENT,106.85400714163616,65.76572391318454,41.53451965279272,100.08659006000725
211,7.04,1.0,ASCENDING,ASCENT,110.76089939188232,62.51459135652605,40.261380945248426,100.91002813213065
212,7.073,1.0,ASCENDING,ASCENT,112.9217352544063,59.49201408093345,38.80332729787326,101.76357595331243
213,7.107,1.0,ASCENDING,ASCENT,114.7980730260518,56.43096608405392,37.06750408797764,102.6044258647508
214,7.14,1.0,ASCENDING,ASCENT,115.13043897276272,53.85239692097901,35.28715255048279,103.4781354815151
215,7.173,1.0,ASCENDING,ASCENT,116.05078997970858,50.92893842630529,33.51650877713446,104.59509754882232
216,7.207,1.0,ASCENDING,ASCENT,116.75135548034216,48.474248153662565,31.58080981033301,106.1080177413781
217,7.24,1.0,ASCENDING,ASCENT,117.9348966902444,45.91413833227297,29.626150816119765,107.84902039721027
218,7.273,1.0,ASCENDING,ASCENT,119.47931464581085,43.47345678525299,27.648658196377284,109.68307237841668
219,7.307,1.0,ASCENDING,ASCENT,121.76355520180694,40.83225284252587,25.542637926583684,111.62158467866328
220,7.34,1.0,ASCENDING,ASCENT,123.94037299627853,38.415976809978,23.33188854834924,113.6773268552057
221,7.374,1.0,ASCENDING,ASCENT,126.68654815348422,35.75420887977275,21.06682679868649,116.10859863426175
222,7.407,1.0,ASCENDING,ASCENT,129.4765222751648,33.001833266471,18.61789291940332,118.74998880669948
223,7.44,1.0,ASCENDING,ASCENT,132.4336161062355,30.195635793385343,16.251035064040426,121.53156308890803
224,7.474,1.0,ASCENDING,ASCENT,135.9780165922201,27.20461832305063,13.989588245129974,124.39452181792107
225,7.507,1.0,ASCENDING,ASCENT,139.59353873965026,24.189192066404864,11.87818843965194,127.0889875505806
226,7.54,1.0,ASCENDING,ASCENT,143.05600528387336,21.44212784709905,9.95437401669942,129.67212816333915
227,7.574,1.0,ASCENDING,ASCENT,147.15011494928035,18.516574140994027,8.181426610457663,132.30098411844645
228,7.607,1.0,ASCENDING,ASCENT,151.51171509562005,15.480379573668484,6.405408792843477,135.03786000461608
229,7.64,1.0,ASCENDING,ASCENT,155.73722931336215,12.618473438764356,4.79310134270536,138.14846106368788
230,7.674,1.0,ASCENDING,ASCENT,160.0877345003143,9.693646332926829,3.220988570230852,141.61295841008703
231,7.707,1.0,ASCENDING,ASCENT,164.11416396416524,6.953515076618096,2.177724291707064,144.8228619326574
232,7.741,,STANDING,END,167.48916350030564,4.613833893065743,1.6814547984845496,147.58306813200943
233,7.774,,STANDING,END,170.09729232740796,2.8030860537089834,1.6788058933714598,149.6742862758745
234,7.807,,STANDING,END,171.79742431014068,1.540153993796512,2.107135828372282,151.36763755503782
235,7.841,,STANDING,END,173.02012550829457,0.932781636891068,2.9609884085095706,152.98504952542493
236,7.874,,STANDING,END,173.73335189702394,0.7124633720639716,3.6592338303382896,154.61533911891829
237,7.907,,STANDING,END,173.97671358890983,0.7722659480402498,4.187645316288546,156.2248686130185
238,7.941,,STANDING,END,174.13496946248364,1.0081124603944331,4.694466065408932,157.5914821630888
239,7.974,,STANDING,END,174.28686525048658,1.316686026672003,5.109874458510273,158.53484171360088
240,8.008,,STANDING,END,174.38554452268278,1.5622666608936573,5.433287983928111,159.31190226697714
241,8.041,,STANDING,END,174.57935526390995,1.8191393141035512,5.701346599754771,160.10220132852953
242,8.074,,STANDING,END,174.86818749803282,2.0695010143845005,5.929557502605227,160.97396586857994
243,8.108,,STANDING,END,175.12391584337692,2.2488493074692903,6.066895735165938,161.8978741991349
244,8.141,,STANDING,END,175.31582345450175,2.343650489270237,6.12168981019768,162.71882713363965
245,8.174,,STANDING,END,175.42551025515786,2.3598170912312293,6.121397058673918,163.36757634266027
246,8.208,,STANDING,END,175.39798407564012,2.3245666574563826,6.110442425497647,163.83216478460574
247,8.241,,STANDING,END,175.29983862095187,2.286161376589974,6.1105777832127215,164.1559866403027
248,8.274,,STANDING,END,175.19744822258463,2.2419200004371658,6.10037022085437,164.4729862778161
249,8.308,,STANDING,END,175.08547735089115,2.220891556313658,6.127935096740009,164.86746801758937
250,8.341,,STANDING,END,174.94327874247148,2.182958725941874,6.147178183436763,165.31899590223455
251,8.375,,STANDING,END,174.77507931954622,2.079625537441653,6.096139026705783,165.84071054463433
252,8.408,,STANDING,END,174.32890635164077,1.8467144724327136,5.977305428054952,166.36395559541444
253,8.441,,STANDING,END,173.74148125458703,1.5150297720354524,5.774783981346534,166.69131833073908
254,8.475,,STANDING,END,173.01678485461,1.1683693850248456,5.364717533931902,166.55198870446085
255,8.508,,STANDING,END,172.21881437060293,1.0080700967503842,4.783157956362282,165.96367490287614
256,8.541,,STANDING,END,171.1912884195368,1.190531760538962,3.9666286893580502,165.22931740184407
257,8.575,,STANDING,END,170.03596687619589,1.9122033871862696,2.883338530973444,164.64514884434004
258,8.608,,STANDING,END,168.6579408622234,3.231168228939925,2.344872559024868,164.38451109587007
259,8.641,,STANDING,END,166.9206943488634,5.164414952598146,2.477066173669912,164.34096703285002
260,8.675,,STANDING,END,164.5521037696364,7.547702831239688,3.232426538139923,163.99210454563192
261,8.708,,STANDING,END,161.47908960092548,10.35361455041316,4.702057698929062,162.6281498557059
262,8.742,2.0,DESCENDING,START,157.83326886623863,13.527086883768646,7.030190754614274,160.02767481034238
263,8.775,2.0,DESCENDING,START,153.6975222336902,16.95094244154754,9.426568672230548,157.0131715652056
264,8.808,2.0,DESCENDING,START,149.30557917260853,20.507289942520952,11.837886509020896,154.14570402367383
265,8.842,2.0,DESCENDING,START,145.11665381749697,24.13881406833013,14.35130709791814,151.77728572738258
266,8.875,2.0,DESCENDING,START,141.1251502942389,27.778502386520508,16.86377898399471,149.94168652873444
267,8.908,2.0,DESCENDING,START,137.74737254522876,31.167807945711463,19.26975249490997,147.95379752691036
268,8.942,2.0,DESCENDING,START,134.58722878814757,34.425256584371155,21.58982727836713,145.26879685635993
269,8.975,2.0,DESCENDING,START,131.57795666299305,37.48256015930016,23.71706382557351,142.28262066260842
270,9.009,2.0,DESCENDING,START,128.2320020499004,40.25107223447255,25.581123970856417,139.24164636284738
271,9.042,2.0,DESCENDING,START,125.45103368186196,42.62518148942415,27.47979984887963,136.59974945974867
272,9.075,2.0,DESCENDING,START,122.63016230781702,44.8863969552505,29.27382975260413,134.3938755901483
273,9.109,2.0,DESCENDING,START,119.8364845121545,47.22081620487944,30.942205637208595,132.4722045647763
274,9.142,2.0,DESCENDING,START,117.288020875734,49.63456613384267,32.70177061180708,130.60806559201387
275,9.175,2.0,DESCENDING,START,115.42927150204844,51.94443216745824,34.512067172341986,128.54422239277957
276,9.209,2.0,DESCENDING,START,113.36965482799796,54.47817477705888,35.8971398330467,126.17546926514137
277,9.242,2.0,DESCENDING,START,111.05634629372848,57.30210222184941,37.08808267557883,123.63460378894547
278,9.275,2.0,DESCENDING,START,108.78936363300647,60.0922710710181,38.10521858703211,121.04223552198167
279,9.309,2.0,DESCENDING,START,107.13004502551183,62.52318808451035,38.97191404799544,118.64301998604398
280,9.342,2.0,DESCENDING,START,105.3595392531942,64.92622776573387,39.59309910474842,116.78592033757475
281,9.376,2.0,DESCENDING,START,105.72525591136952,66.46602106788055,40.341409475957576,115.30657634745332
282,9.409,2.0,DESCENDING,START,106.24410189869222,67.70272514870116,41.16446825236103,113.98936116069622
283,9.442,2.0,DESCENDING,START,106.7242065152248,68.71387703630988,42.02298460679127,112.39156079043457
284,9.476,2.0,DESCENDING,START,106.41821889544096,69.58619367999756,42.80230944438252,110.30585628431312
285,9.509,2.0,DESCENDING,START,106.1173380619437,70.44680887312207,43.55639062133758,108.0259960935993
286,9.542,2.0,DESCENDING,START,103.12398112963004,72.28448731831118,44.42850081285325,105.78955573189882
287,9.576,2.0,DESCENDING,START,99.69514849189687,74.0302551650493,45.04553145805353,103.75531642225602
288,9.609,2.0,DESCENDING,START,98.27870255816724,74.98111969493392,45.62782825895097,102.18174699554278
289,9.642,2.0,DESCENDING,START,95.93007617026822,76.58989056523154,46.02146068080218,101.00769993665858
290,9.676,2.0,DESCENDING,START,93.1509847929904,78.48617570529832,46.84487300713352,99.83518242772169
291,9.709,2.0,DESCENDING,START,90.67065284017596,80.10891613928271,47.48012455178734,98.34245589491071
292,9.743,2.0,BOTTOM,BOTTOM,88.10840244337652,81.42451505792869,48.21763979985532,96.5433700418556
293,9.776,2.0,BOTTOM,BOTTOM,84.02526654027665,83.48495310837151,48.97707239889145,94.8594503092245
294,9.809,2.0,BOTTOM,BOTTOM,81.34677562537912,84.6283307416746,49.774342354517735,93.36689968968825
295,9.843,2.0,BOTTOM,BOTTOM,79.45871934417816,85.21339700849938,50.12271165145993,91.99964884905422
296,9.876,2.0,BOTTOM,BOTTOM,78.35809105608777,85.48020419117526,50.38838131182608,90.77010934535711
297,9.909,2.0,BOTTOM,BOTTOM,78.35092060101611,85.72765388948973,50.61860842443059,89.64340082027392
298,9.943,2.0,ASCENDING,ASCENT,78.5269269776585,85.58894715553583,50.66585237740768,88.68583894503803
299,9.976,2.0,ASCENDING,ASCENT,78.8814651016635,85.62449196901125,50.7399092729144,88.00405655218258
300,10.01,2.0,ASCENDING,ASCENT,79.55274950130179,85.68823639556943,50.73705143891197,87.55710348984621
301,10.043,2.0,ASCENDING,ASCENT,80.57596824640925,85.17374014475962,50.68200936931962,87.38699498615745
302,10.076,2.0,ASCENDING,ASCENT,81.68397741146165,84.75678091239062,50.606198077688816,87.46157167547794
303,10.11,2.0,ASCENDING,ASCENT,82.80702496135612,84.24673734879525,50.479096829681374,87.67589792316699
304,10.143,2.0,ASCENDING,ASCENT,83.92727665374892,83.68633566650762,50.242059907124656,87.86647096293714
305,10.176,2.0,ASCENDING,ASCENT,85.33673643097445,82.968664001214,49.95571136657715,87.95060045586992
306,10.21,2.0,ASCENDING,ASCENT,86.7183973178031,82.43623198698512,49.5658842336525,87.91634390758922
307,10.243,2.0,ASCENDING,ASCENT,88.90513662422501,80.98822960163025,49.06396978141295,87.87496151348009
308,10.276,2.0,ASCENDING,ASCENT,90.76243373973055,79.70151537904454,48.50166847865497,87.96705075540174
309,10.31,2.0,ASCENDING,ASCENT,92.437263382177,78.43508760426452,47.8243857960196,88.23556371734242
310,10.343,2.0,ASCENDING,ASCENT,93.90824925172902,76.87743960971822,47.15782572866982,88.62853530237611
311,10.377,2.0,ASCENDING,ASCENT,94.90482837617712,75.493402246525,46.46506541911184,89.188661301513
312,10.41,2.0,ASCENDING,ASCENT,95.71523072747124,74.36989677545057,45.73888134483863,89.93416313463767
313,10.443,2.0,ASCENDING,ASCENT,97.10396668895088,72.51680552493569,44.79636054665274,90.86694146565503
314,10.477,2.0,ASCENDING,ASCENT,99.19068624512514,69.94908166845129,43.65152762911088,91.95429530422066
315,10.51,2.0,ASCENDING,ASCENT,101.39719444262096,67.06589267168255,42.10467098532921,93.06130311774609
316,10.543,2.0,ASCENDING,ASCENT,103.46355668657012,64.358786109542,40.645045702945765,94.16859903594839
317,10.577,2.0,ASCENDING,ASCENT,105.33085100236144,61.73524679277041,39.09384878918599,95.31565355913706
318,10.61,2.0,ASCENDING,ASCENT,107.948279280615,58.9349150439197,37.50336044293764,96.54210944512687
319,10.643,2.0,ASCENDING,ASCENT,110.06729872294656,56.31532390303202,35.79488976893655,98.02174565860423
320,10.677,2.0,ASCENDING,ASCENT,111.94087643670692,53.86828461446345,34.26782029220012,99.83621912465736
321,10.71,2.0,ASCENDING,ASCENT,114.55287735748831,50.74078265664432,32.39917668962061,101.80087178011406
322,10.744,2.0,ASCENDING,ASCENT,117.04169269104038,47.63189698692348,30.32792453275739,103.99344596960756
323,10.777,2.0,ASCENDING,ASCENT,118.95952404922814,44.874104155828434,28.274117936570367,106.2869452724989
324,10.81,2.0,ASCENDING,ASCENT,121.54231717717118,42.08120023790575,26.23710246241605,108.67017387684548
325,10.844,2.0,ASCENDING,ASCENT,124.5755279937936,39.16053846287364,24.070436551501796,111.12188655792406
326,10.877,2.0,ASCENDING,ASCENT,127.54863770214372,36.43652158165561,21.86497765764873,113.57584139757078
327,10.91,2.0,ASCENDING,ASCENT,131.09164253526922,33.47341885098064,19.6948223808801,116.34782861747246
328,10.944,2.0,ASCENDING,ASCENT,135.0249955876358,30.362140670405317,17.385288377299926,119.63851461137463
329,10.977,2.0,ASCENDING,ASCENT,138.61618762487345,27.402264890241888,15.234867188097091,122.9975720354721
330,11.011,2.0,ASCENDING,ASCENT,142.0822162143649,24.646338896104936,13.18565507229446,126.23168665182035
331,11.044,2.0,ASCENDING,ASCENT,145.96401098117934,21.7818096746776,11.271182493551734,129.05492853188886
332,11.077,2.0,ASCENDING,ASCENT,149.16317871067378,19.254994998459683,9.429472839945454,131.82006921599665
333,11.111,2.0,ASCENDING,ASCENT,152.60290279774313,16.55870229024986,7.557585109788986,134.91934611874328
334,11.144,2.0,ASCENDING,ASCENT,156.12054788902566,13.887584288287991,5.733995246667365,138.12510033244874
335,11.177,2.0,ASCENDING,ASCENT,159.65405495241288,11.1669363683943,3.884007020685666,141.2044293815322
336,11.211,2.0,ASCENDING,ASCENT,162.639380215759,8.705836572036786,2.5118194260620585,143.95344098615394
337,11.244,,STANDING,END,166.0303490330371,6.242095114068503,1.679506235181703,146.1609846568368
338,11.277,,STANDING,END,168.4569669891907,4.377611546653848,1.626652248905866,148.07134475316846
339,11.311,,STANDING,END,170.7199717083244,2.6822998026614973,2.012380523637383,149.96692762745639
340,11.344,,STANDING,END,172.30868189425007,1.6702553906392912,2.922310574321469,151.84912766672
341,11.378,,STANDING,END,173.4806461662682,0.9749760968954309,3.7442487521966754,153.78447245585554
342,11.411,,STANDING,END,173.96144963771772,0.7360320975963893,4.450216913345734,155.50772874066263
343,11.444,,STANDING,END,174.28481458962207,0.7412138378494547,4.9822519004849,156.9073652597971
344,11.478,,STANDING,END,174.25635962099267,0.9892171339075212,5.399235533637473,157.9950317925277
345,11.511,,STANDING,END,174.18928105413409,1.0771919459185395,5.611786117153121,158.86990081471316
346,11.544,,STANDING,END,174.18517589289272,1.163111462019203,5.769007979627983,159.7422660005428
347,11.578,,STANDING,END,174.20783269213416,1.189903414609562,5.859378816762385,160.68341785830552
348,11.611,,STANDING,END,174.2175132364064,1.2005006253942632,5.896082749817925,161.5548769836417
349,11.644,,STANDING,END,174.2496676059878,1.1892678826698904,5.886943700091214,162.297801024184
350,11.678,,STANDING,END,174.3345833382929,1.2006588608989428,5.8974831536332,162.90463396052306
351,11.711,,STANDING,END,174.37760176748998,1.2243303511893244,5.947170222337138,163.35237122387312
352,11.745,,STANDING,END,174.4922568264903,1.2497777609724812,5.972817355615851,163.7095909150908
353,11.778,,STANDING,END,174.48124212790466,1.2299159977989251,5.984260895783898,164.00331210276218
354,11.811,,STANDING,END,174.4418076025663,1.197185806681634,5.988005804135256,164.31781131787818
355,11.845,,STANDING,END,174.35230781516725,1.1329961962805153,5.9467485427347135,164.76394797015996
356,11.878,,STANDING,END,174.28862662008464,1.0394695191910377,5.848273331436525,165.3578916235541
357,11.911,,STANDING,END,174.05444090094502,0.8878183452000918,5.718764878069026,166.00665730880553
358,11.945,,STANDING,END,173.83107848143345,0.6744020696084394,5.49354495247157,166.55472854330543
359,11.978,,STANDING,END,173.58967098576574,0.5815924353593873,5.104901944217086,166.8955260257254
360,12.012,,STANDING,END,173.31591901726924,0.6765814222099816,4.574382906124349,167.0576398575074
361,12.045,,STANDING,END,172.79370552955714,1.094406482848713,3.7068324739898544,167.0588390869249
362,12.078,,STANDING,END,172.10150497942448,1.8014369381872235,2.6666760143128587,166.8673084753473
363,12.112,,STANDING,END,171.08393179073934,3.0800394179028103,2.1567845857629147,166.3548578981901
364,12.145,,STANDING,END,169.41255635185308,4.913815940952905,2.3375071972351007,165.5061016259256
365,12.178,,STANDING,END,166.84306574157222,7.33884508069769,3.295267618640357,164.27404068555444
366,12.212,,STANDING,END,163.6605516946619,10.19365647857146,5.1501173374423725,162.5406859854131
367,12.245,3.0,DESCENDING,START,159.87597073734457,13.448841207118686,7.648141803882152,160.59811966353928
368,12.278,3.0,DESCENDING,START,155.8778426406626,17.115385064841483,10.518928785195891,158.74121510037364
369,12.312,3.0,DESCENDING,START,151.71617654061555,21.08123567902536,13.673404185047795,157.03369756183673
370,12.345,3.0,DESCENDING,START,147.59081328205613,25.332708906535224,16.9619156202541,155.3351056961833
371,12.379,3.0,DESCENDING,START,143.820969519064,29.552492237654253,20.25945952140368,153.1382781921204
372,12.412,3.0,DESCENDING,START,140.2875807905416,33.64683746050337,23.714691417879564,150.42338042583475
373,12.445,3.0,DESCENDING,START,136.65250414096562,37.58258941058216,26.98726769710152,147.4861661546913
374,12.479,3.0,DESCENDING,START,132.92895493324647,41.2333450558322,29.885873017338582,144.61063769308942
375,12.512,3.0,DESCENDING,START,129.56029134136068,44.4977330103108,32.52402774908059,142.12613253270803
376,12.545,3.0,DESCENDING,START,128.56473266290433,47.35817285573245,35.033438152134366,139.8767841163737
377,12.579,3.0,DESCENDING,START,126.7101746245584,50.66515740400801,37.49507054358162,137.49084699434076
378,12.612,3.0,DESCENDING,START,127.35178891001632,53.65745778704195,39.65818760887295,134.84819439248028
379,12.645,3.0,DESCENDING,START,127.27999899770718,56.97135697111899,41.74842751775968,131.92733690298246
380,12.679,3.0,DESCENDING,START,126.62531066761372,60.23586183338836,43.70434242903493,128.94249447090536
381,12.712,3.0,DESCENDING,START,122.76495081170488,64.14834344258392,45.523480911505466,126.4150312888419
382,12.746,3.0,DESCENDING,START,120.05039042238654,67.41150750233476,47.00569442827963,124.11890781527184
383,12.779,3.0,DESCENDING,START,115.12259048735469,70.80766499645145,48.39998178981429,121.90115411315566
384,12.812,3.0,DESCENDING,START,110.32777733959536,73.58497505867527,49.69811530663687,119.59079966272806
385,12.846,3.0,DESCENDING,START,105.60699173296992,76.20386578719197,51.00601892866214,117.12953041747
386,12.879,3.0,DESCENDING,START,101.84709621605028,78.24134703840153,52.39024357792338,114.64933300656975
387,12.912,3.0,DESCENDING,START,97.8523905264049,80.30784314620567,53.93165270522295,112.14797789140266
388,12.946,3.0,DESCENDING,START,94.286607164972,82.25879443796121,55.50034587674638,109.70698860361898
389,12.979,3.0,DESCENDING,START,92.278202377602,83.8174966354101,57.17985049528905,107.57116595895813
390,13.013,3.0,DESCENDING,START,90.33049700685255,85.3436526419085,58.48658610690643,105.5350271573088
391,13.046,3.0,BOTTOM,BOTTOM,88.42340571669655,86.50206260192638,59.68849071957993,103.57632169497906
392,13.079,3.0,BOTTOM,BOTTOM,86.85301109958344,87.41881747320909,60.56829267885763,101.66372457646551
393,13.113,3.0,BOTTOM,BOTTOM,84.31963565729522,88.19068406000835,61.14144730557763,99.8704436475297
394,13.146,3.0,BOTTOM,BOTTOM,81.77591703045852,89.19268375088829,61.48624179704454,98.35686624361101
395,13.179,3.0,BOTTOM,BOTTOM,80.0530176022709,90.18857866212048,61.93948175465389,97.06556968057869
396,13.213,3.0,BOTTOM,BOTTOM,78.63775365896173,91.08883529886842,62.225968468815935,95.91415089010192
397,13.246,3.0,BOTTOM,BOTTOM,77.5661761140212,91.82251632568438,62.508625843909215,94.9271290607892
398,13.279,3.0,ASCENDING,ASCENT,77.63419372955232,92.13543268072335,62.84433534153048,94.11104287146134
399,13.313,3.0,ASCENDING,ASCENT,77.76419876630237,92.38709634031667,62.97092957071827,93.50435313378384
400,13.346,3.0,ASCENDING,ASCENT,78.13614796378856,92.33919374490922,63.00925590627909,93.12391349846709
401,13.38,3.0,ASCENDING,ASCENT,78.79593758525196,91.90371309564712,62.70371856836732,92.90405613133352
402,13.413,3.0,ASCENDING,ASCENT,79.76396236875442,90.79190290450089,62.45040898203952,92.81761420027091
403,13.446,3.0,ASCENDING,ASCENT,81.08008389855968,89.28047424117568,62.25015188557889,92.82727454123098
404,13.48,3.0,ASCENDING,ASCENT,83.34718238454494,86.75603987159951,61.81317302686457,92.93387846129234
405,13.513,3.0,ASCENDING,ASCENT,86.44904109067613,83.6157464749225,60.98724418967257,93.1551536432811
406,13.546,3.0,ASCENDING,ASCENT,89.71238802329472,80.56158397057847,60.02537639637286,93.54715454742744
407,13.58,3.0,ASCENDING,ASCENT,92.9580542296482,78.11938814769064,58.5880764730011,93.99118832516565
408,13.613,3.0,ASCENDING,ASCENT,96.47560113141604,75.7855613169949,56.37841523208802,94.79953292969871
409,13.646,3.0,ASCENDING,ASCENT,99.66236851044228,73.79595042224332,54.11404303642976,95.81687906420227
410,13.68,3.0,ASCENDING,ASCENT,102.54881657618633,71.61702298687722,51.821620472238784,97.05877561876794
411,13.713,3.0,ASCENDING,ASCENT,106.24068709641855,69.0242649322777,49.2662037468796,98.51269582919227
412,13.747,3.0,ASCENDING,ASCENT,110.6309518719961,65.8181314968052,46.74772885211824,100.39936935721366
413,13.78,3.0,ASCENDING,ASCENT,114.82035947689404,62.073945096121136,44.27143233868442,102.64861873027242
414,13.813,3.0,ASCENDING,ASCENT,118.63502539694689,58.00273972078708,41.60190019852361,105.1367970764213
415,13.847,3.0,ASCENDING,ASCENT,122.2808050039459,53.88051395362815,38.85097877069354,107.7346322475233
416,13.88,3.0,ASCENDING,ASCENT,125.20852012878,49.68107022637652,36.19583395092656,110.21069078645333
417,13.913,3.0,ASCENDING,ASCENT,127.83107333065033,45.37875637633741,33.30818712801569,112.75166092340913
418,13.947,3.0,ASCENDING,ASCENT,130.9896665720004,41.12278163134501,30.411709914422897,115.6737560240786
419,13.98,3.0,ASCENDING,ASCENT,134.6906131742621,36.93461206575023,27.38999980707008,118.95053890488225
420,14.014,3.0,ASCENDING,ASCENT,138.37015303729245,32.91862535064712,24.243035490039084,122.61185089202814
421,14.047,3.0,ASCENDING,ASCENT,142.33030885698992,29.03300103370334,20.881936559208945,126.14948022395379
422,14.08,3.0,ASCENDING,ASCENT,146.07717762271915,25.499830277280363,17.761258056031785,129.55973254387993
423,14.114,3.0,ASCENDING,ASCENT,149.2202833700268,22.279777640266204,14.851870220820336,133.0071842988418
424,14.147,3.0,ASCENDING,ASCENT,152.15571232438356,19.304458594689955,12.185307881844142,136.29475772146014
425,14.18,3.0,ASCENDING,ASCENT,155.11977362653155,16.502470783167432,9.859171070170182,139.37730204664152
426,14.214,3.0,ASCENDING,ASCENT,157.8327025191613,14.02483111712375,7.97762002086616,142.21272810083812
427,14.247,3.0,ASCENDING,ASCENT,160.3464467908785,11.607752054797768,6.1043617372466015,144.7834837528438
428,14.28,3.0,ASCENDING,ASCENT,162.66599514631525,9.430072451830425,4.368271176379325,147.44888212937374
429,14.314,3.0,ASCENDING,ASCENT,164.83141025622405,7.406413378453172,2.923299733962521,150.31921561505922
430,14.347,,STANDING,END,167.19051545090963,5.424492622388015,2.0373169064769097,152.9263046930929
431,14.381,,STANDING,END,169.26429178384132,3.670129360942129,1.6477115931698385,155.04172944905852
432,14.414,,STANDING,END,170.98680015192642,2.246351145140266,1.730538421291983,156.51340007150984
433,14.447,,STANDING,END,172.46939114321245,1.218563701813819,2.2446386307502104,157.72391873108202
434,14.481,,STANDING,END,173.84709688679314,0.7197756453995057,2.9728734599278166,158.97492558227842
435,14.514,,STANDING,END,174.79226577184227,0.7016600502837443,3.544790007831935,160.21551537680358
436,14.547,,STANDING,END,175.45828363540838,0.9054701140200628,3.995928700657652,161.39202604073688
437,14.581,,STANDING,END,176.0956191745298,1.2103475318734316,4.293289285519506,162.4404129898112
438,14.614,,STANDING,END,176.74249115087937,1.5090970340076415,4.503496675678525,163.2656175613005
439,14.647,,STANDING,END,177.02721525591903,1.6900292493861102,4.685848139709057,163.9490913300126
440,14.681,,STANDING,END,177.13224168580598,1.8017099246198776,4.836222270014277,164.6104604753627
441,14.714,,STANDING,END,177.27987585221754,1.8958886286001,4.92659960740585,165.2883782703585
442,14.748,,STANDING,END,177.34967009828674,2.004323442849869,5.091127475425422,165.99524951730405
443,14.781,,STANDING,END,177.38321930506163,2.092914379294199,5.236335603584438,166.58428999600014
444,14.814,,STANDING,END,177.43171327171314,2.144683116818605,5.322556700550324,167.03520704520145
445,14.848,,STANDING,END,177.5517719821399,2.2168853064516854,5.38621493760194,167.40213011534635
446,14.881,,STANDING,END,177.69173797028046,2.3288410951693863,5.485895649136014,167.72514224582665
447,14.914,,STANDING,END,177.86430134145886,2.438757567952613,5.549528105524361,168.06157818345022
448,14.948,,STANDING,END,177.99202583998084,2.5454401810639817,5.626289376198793,168.42450720427982
449,14.981,,STANDING,END,178.08409047413903,2.668805930516571,5.729107756575514,168.73716538418947
450,15.015,,STANDING,END,178.15717021006222,2.720884264991071,5.778320843395751,168.9872079030701
451,15.048,,STANDING,END,178.21046768342052,2.722584934044783,5.780184947928077,169.18676885017024
452,15.081,,STANDING,END,178.13088685162913,2.674457251008577,5.770061448153099,169.3237292307465
453,15.115,,STANDING,END,177.98193088524818,2.6015336119903267,5.739093541214009,169.30541925919835
454,15.148,,STANDING,END,177.79321704114122,2.472796863913172,5.643989300813272,169.09336589800046
455,15.181,,STANDING,END,177.41265471835612,2.2996001834055777,5.528807004094031,168.77106456018672
456,15.215,,STANDING,END,176.70754077684637,2.041960558817016,5.40818681762047,168.49343079354657
457,15.248,,STANDING,END,175.98937510316682,1.751314062575784,5.273628092959634,168.38999122905508
458,15.281,,STANDING,END,175.27840736773788,1.4602238035158843,5.1421149982575685,168.42319905019934
459,15.315,,STANDING,END,174.5685863701284,1.1746406204303752,5.038027326345784,168.47181254867112
460,15.348,,STANDING,END,174.00182607369447,0.936470262270725,4.944790703122329,168.48804853793467
461,15.382,,STANDING,END,173.7410949955569,0.7869389716770185,4.870873274773013,168.53732900698097
462,15.415,,STANDING,END,173.67781502426533,0.6998581576276031,4.774035368010511,168.6016747384623
463,15.448,,STANDING,END,173.66543832431785,0.6367756652338423,4.678633443524941,168.66359420471798
464,15.482,,STANDING,END,173.65574299597347,0.6060064070179607,4.618862616301437,168.78209889527898
465,15.515,,STANDING,END,173.64316471977855,0.5717104096472845,4.538455360823846,168.8097775813971
466,15.548,,STANDING,END,173.60056372982396,0.5248021386353141,4.466377691810748,168.79363469285497
467,15.582,,STANDING,END,173.48286777740233,0.4628424494070892,4.404783893712472,168.85809202714057
468,15.615,,STANDING,END,173.36189876840064,0.3509698350052367,4.284954120419036,169.01467119980933
469,15.648,,STANDING,END,173.21412426946716,0.3198291518185474,4.051489995286656,169.1874858775006
470,15.682,,STANDING,END,172.93153060599272,0.4623141440331818,3.7189101150534727,169.3118022144307
471,15.715,,STANDING,END,172.31125023343785,0.933826244358675,3.129590848762073,169.26353354456697
472,15.749,,STANDING,END,171.00789414243522,1.8321731590336023,2.338032080963365,168.78738705435427
473,15.782,,STANDING,END,169.18626729570457,3.202239320307552,1.7603516682554907,167.61237950184676
474,15.815,,STANDING,END,166.56731940002604,5.085118175793147,1.6436597816619476,165.6515304335329
475,15.849,,STANDING,END,163.12488973253636,7.438291144690933,2.050509444620414,163.1241462766991
476,15.882,4.0,DESCENDING,START,158.88833885131604,10.271354118439316,3.1220498400083083,160.69934019222708
477,15.915,4.0,DESCENDING,START,154.475027994824,13.338398942591647,4.79954871052639,158.47709666323996
478,15.949,4.0,DESCENDING,START,149.71909835398037,16.655639001337327,6.77742273153728,156.11001667242527
479,15.982,4.0,DESCENDING,START,145.16917517383283,19.99166361946769,8.849730493904563,153.46788742313421
480,16.016,4.0,DESCENDING,START,140.80680100627353,23.40749634282384,10.89117796689313,150.35928403175166
481,16.049,4.0,DESCENDING,START,136.64372462099848,26.66588720689717,12.81736299811834,147.1680972336734
482,16.082,4.0,DESCENDING,START,133.4325712013587,29.390610059960032,14.714135874159206,144.1793110247611
483,16.116,4.0,DESCENDING,START,129.7571463473775,32.07824371046013,16.460775371552174,141.54523413387602
484,16.149,4.0,DESCENDING,START,126.57306863356708,34.507970779471506,18.02829075499565,139.32697656908667
485,16.182,4.0,DESCENDING,START,124.1253151879242,36.51549251026008,19.63291833067192,137.1986890053153
486,16.216,4.0,DESCENDING,START,122.60902122206453,38.00732148424634,21.23137712196931,134.96866712155307
487,16.249,4.0,DESCENDING,START,120.55228480319424,39.83202468258428,22.75015411715349,132.75694639976174
488,16.282,4.0,DESCENDING,START,119.48207757115676,41.48994010830927,24.30096841136837,130.51584805092762
489,16.316,4.0,DESCENDING,START,118.32016987261818,43.04136299861483,25.851230772512185,128.22880380075833
490,16.349,4.0,DESCENDING,START,117.0238204377622,44.52632299206717,27.18146614845056,126.09645438087782
491,16.383,4.0,DESCENDING,START,115.58259507043356,46.0758636997774,28.45552842811861,124.07852298423512
492,16.416,4.0,DESCENDING,START,114.41956062881935,47.58413607444549,29.70305236742757,122.3634434101505
493,16.449,4.0,DESCENDING,START,115.27853724988115,48.60247325042667,30.83868518513844,120.81723004978002
494,16.483,4.0,DESCENDING,START,117.21398410336728,49.3939238993119,31.79713607137583,119.21654792882983
495,16.516,4.0,DESCENDING,START,118.60502537379496,50.38149035239114,32.67740096278342,117.61054439580478
496,16.549,4.0,DESCENDING,START,119.79373677955252,51.47054717501965,33.468358823544634,116.05421848550492
497,16.583,4.0,DESCENDING,START,120.77574291209508,52.37072463367417,34.11578083422623,114.61102484863459
498,16.616,4.0,DESCENDING,START,119.6192850749132,53.57441829172825,34.642064771750924,113.38123118340702
499,16.649,4.0,DESCENDING,START,117.29973513823424,54.93542442530732,35.1689881711164,112.28652558657495
500,16.683,4.0,DESCENDING,START,114.91132945017982,56.40295665536361,35.729899030313405,111.29057007588216
501,16.716,4.0,DESCENDING,START,112.86163519955922,57.7374700210212,36.28763605484658,110.45889155625332
502,16.75,4.0,DESCENDING,START,110.95447729665224,59.231623280524886,36.986990563002585,109.68222491301863
503,16.783,4.0,DESCENDING,START,109.5011574680536,60.6156173975822,37.77232510379768,108.8699449847716
504,16.816,4.0,DESCENDING,START,108.0059551613124,62.00029802000379,38.57651024195565,107.93076055433092
505,16.85,4.0,DESCENDING,START,107.5445759970294,62.9091241978281,39.208285040006615,106.9404607736162
506,16.883,4.0,DESCENDING,START,109.32201518327486,63.482680327597926,40.0109431397679,106.1232364347589
507,16.916,4.0,DESCENDING,START,110.49854800070602,64.14521206015391,40.68841454608976,105.45998886974924
508,16.95,4.0,DESCENDING,START,111.75614621465743,64.81379989143325,41.33147997486216,104.79657499066803
509,16.983,4.0,DESCENDING,START,112.23232498877772,65.87013923928279,41.97654816456088,104.05104461429484
510,17.017,4.0,DESCENDING,START,111.92713200465826,66.96053199155759,42.7707696179834,103.17077027465554
511,17.05,4.0,DESCENDING,START,110.72347133606284,68.00360039087214,43.39058913484636,102.27945268913412
512,17.083,4.0,DESCENDING,START,109.50432698193586,69.0007166512896,44.026124025410624,101.45271942083858
513,17.117,4.0,DESCENDING,START,107.66506465776592,70.19665144191963,44.59051456917426,100.68721251020733
514,17.15,4.0,DESCENDING,START,105.52222099044243,71.06173475851585,45.06099920241134,99.91907689787112
515,17.183,4.0,DESCENDING,START,103.45296831170351,72.13271330838234,45.53016018839584,98.99452240241344
516,17.217,4.0,DESCENDING,START,100.23574453696617,73.46678260556232,45.99138818712613,97.87213210305343
517,17.25,4.0,DESCENDING,START,97.53598298648896,74.83586032570514,46.50238307189707,96.73994311236146
518,17.283,4.0,DESCENDING,START,95.11258555361135,76.2431449238331,47.08557811916723,95.66028234406775
519,17.317,4.0,DESCENDING,START,92.96114553310956,77.74623743084287,47.654396092106246,94.60821471639511
520,17.35,4.0,DESCENDING,START,91.11271518148176,79.32092469470041,48.28076948379265,93.63957526311114
521,17.384,4.0,BOTTOM,BOTTOM,88.61800370816147,81.132597672268,48.80966940390712,92.62213372776816
522,17.417,4.0,BOTTOM,BOTTOM,86.02010923338642,83.1061855728278,49.40384936360298,91.45452773200013
523,17.45,4.0,BOTTOM,BOTTOM,83.08195636519648,84.83514098776277,49.83389984981434,90.1415035818014
524,17.484,4.0,BOTTOM,BOTTOM,80.5505743034136,86.84468538234111,50.195430835037975,88.97848048732807
525,17.517,4.0,BOTTOM,BOTTOM,77.8850254077045,88.38209440840828,50.40056568942496,88.18167132762173
526,17.55,4.0,BOTTOM,BOTTOM,75.55600431930877,89.76941780012974,50.63047680372917,87.54215851229084
527,17.584,4.0,BOTTOM,BOTTOM,73.64969758150451,90.63329972476342,50.70917843729342,86.85572144457943
528,17.617,4.0,BOTTOM,BOTTOM,72.39962501642141,91.25191209853186,50.819904925240486,86.11694878007185
529,17.65,4.0,BOTTOM,BOTTOM,71.8658321730328,91.26823946424015,51.03549082361061,85.3537002590011
530,17.684,4.0,BOTTOM,BOTTOM,71.66961677271163,91.27827488759858,51.32519849656256,84.58429816454782
531,17.717,4.0,BOTTOM,BOTTOM,71.45694970163679,91.28792474941444,51.55201853637677,83.77291839784897
532,17.751,4.0,BOTTOM,BOTTOM,71.27279457316767,91.40187610511808,51.77495065182601,82.77397889945406
533,17.784,4.0,BOTTOM,BOTTOM,71.1660024594825,91.54355816365778,51.99391077945789,81.71353299705547
534,17.817,4.0,BOTTOM,BOTTOM,70.91336895288991,91.76661412412594,52.11878802889324,80.72201528248043
535,17.851,4.0,BOTTOM,BOTTOM,70.57173700623173,91.98363975912704,52.18290680399225,79.90474478090597
536,17.884,4.0,BOTTOM,BOTTOM,70.39763129959822,91.96583081676754,52.27325453410821,79.32494503931126
537,17.917,4.0,BOTTOM,BOTTOM,70.15710791895893,91.6804138537088,52.241601948023096,78.87630627377845
538,17.951,4.0,BOTTOM,BOTTOM,69.76688460348005,91.43279535828997,52.16601399169374,78.45937611266618
539,17.984,4.0,BOTTOM,BOTTOM,69.56416770452039,91.06760849354892,52.14314865899696,78.11962947520712
540,18.018,4.0,BOTTOM,BOTTOM,69.44889243748447,90.84175902764936,51.97611788583886,77.95896243676796
541,18.051,4.0,ASCENDING,ASCENT,69.69014963360054,90.46624162361664,51.67094224147544,78.04511958695329
542,18.084,4.0,ASCENDING,ASCENT,70.64324260819326,89.72839657454674,51.24518210970321,78.28241814240153
543,18.118,4.0,ASCENDING,ASCENT,71.99089687134305,88.80821601670763,50.670313477746014,78.58229028298672
544,18.151,4.0,ASCENDING,ASCENT,74.37114757124135,87.49198902548986,50.073032657193146,78.9111648307
545,18.184,4.0,ASCENDING,ASCENT,77.75262702127888,85.25367111922657,49.325179764844734,79.38379611724308
546,18.218,4.0,ASCENDING,ASCENT,81.88790757689553,82.44050579244728,48.50082875031107,80.17206611920035
547,18.251,4.0,ASCENDING,ASCENT,86.22126603857873,79.51121161608634,47.44950485411132,81.28086214893908
548,18.284,4.0,ASCENDING,ASCENT,91.93346167689636,75.7856753601298,46.426776106285686,82.63787068714632
549,18.318,4.0,ASCENDING,ASCENT,96.46589586114104,72.67050892274209,45.174911321505945,84.19868044455168
550,18.351,4.0,ASCENDING,ASCENT,100.42291952373564,69.48184845955448,43.86608374765068,85.86523313196152
551,18.385,4.0,ASCENDING,ASCENT,103.94154088817106,66.36769133879297,42.35683422071717,87.7846689030538
552,18.418,4.0,ASCENDING,ASCENT,107.018464527747,63.367910030905385,41.00633625096536,89.82351850057984
553,18.451,4.0,ASCENDING,ASCENT,109.48793733667604,60.55226849480388,39.41931722041557,91.94039476566624
554,18.485,4.0,ASCENDING,ASCENT,112.45298194795043,56.91925551688813,37.57263543316537,94.1547249545855
555,18.518,4.0,ASCENDING,ASCENT,115.4442222404073,53.534546897604045,35.64283916641322,96.41618520074344
556,18.551,4.0,ASCENDING,ASCENT,118.2967488607832,50.11984236384682,33.56757929522695,98.96899610532176
557,18.585,4.0,ASCENDING,ASCENT,121.7342368353774,46.33102186231106,31.1959395667953,102.01249533405786
558,18.618,4.0,ASCENDING,ASCENT,125.25914688927357,42.43014657913628,28.589352485689894,105.26849327221662
559,18.651,4.0,ASCENDING,ASCENT,129.3705102592373,38.393926931624335,25.85731876215332,108.63761732611019
560,18.685,4.0,ASCENDING,ASCENT,133.60428632322845,34.55068077266012,22.904128965452504,112.18283614685713
561,18.718,4.0,ASCENDING,ASCENT,138.15751920556264,30.667538747487203,19.73629015664839,115.77755675448071
562,18.752,4.0,ASCENDING,ASCENT,142.41959973074717,26.962790371453064,16.653045757203436,119.6403337846696
563,18.785,4.0,ASCENDING,ASCENT,146.23604995688345,23.60272503022108,13.79996269652518,123.35914263641517
564,18.818,4.0,ASCENDING,ASCENT,149.6464403233871,20.437390078826898,11.10509564550071,126.85539403358355
565,18.852,4.0,ASCENDING,ASCENT,153.09097208056306,17.229591663618457,8.629433877130566,130.2453548336092
566,18.885,4.0,ASCENDING,ASCENT,156.4054492710414,14.20662403779644,6.431208878481831,133.55669796178356
567,18.918,4.0,ASCENDING,ASCENT,159.95891017776165,11.241793317648344,4.306914202810609,136.98578790416957
568,18.952,4.0,ASCENDING,ASCENT,163.15547688835807,8.36950372424045,2.885047703767087,140.45186018841903
569,18.985,,STANDING,END,166.3257031294499,5.726016644988954,2.203597394409821,143.45637913034878
570,19.019,,STANDING,END,169.1348660719857,3.559050116537212,1.9619901083066609,145.94879062464702
571,19.052,,STANDING,END,171.22902054303285,1.9852484430084945,2.2929770701000214,147.78840482910647
572,19.085,,STANDING,END,172.43904087755354,0.940275407552271,3.0380044765111087,149.33410840310066
573,19.119,,STANDING,END,173.66256014869208,0.5481541536973736,3.556561603710145,150.90367737077676
574,19.152,,STANDING,END,174.54888574161606,0.6508976301305328,3.915108565405582,152.55909646405786
575,19.185,,STANDING,END,175.13256601801535,0.8857260623565075,4.287301737671687,154.32665796427966
576,19.219,,STANDING,END,175.6771962713915,1.1645956882613882,4.550477500263883,156.08623666497363
577,19.252,,STANDING,END,176.1761057824765,1.5023574636693218,4.761973359428049,157.604599337699
578,19.285,,STANDING,END,176.33595527157254,1.7687407300972808,4.968880555522575,158.92026406665732
579,19.319,,STANDING,END,176.41866157085042,1.9438033706179825,5.108750798894911,160.0382315537415
580,19.352,,STANDING,END,176.57018264155835,2.162327505336457,5.270842182222056,160.8838122603261
581,19.386,,STANDING,END,176.78700006155208,2.419339439589808,5.461366620799839,161.6054098114904
582,19.419,,STANDING,END,176.9951797265703,2.6675631007510745,5.647410032834344,162.3353985822855
583,19.452,,STANDING,END,177.14242903917318,2.8299830605585923,5.768385153302108,163.23891496083715
584,19.486,,STANDING,END,177.22786396522176,2.937330419848114,5.849483119008015,164.32999676791815
585,19.519,,STANDING,END,177.2130630396233,2.9626995468461663,5.875368573991087,165.4324753280019
586,19.552,,STANDING,END,176.93610021290536,2.875072399826673,5.848598528771811,166.4894981885867
587,19.586,,STANDING,END,176.437281382461,2.6899466687416007,5.771012202518756,167.44012861709533
588,19.619,,STANDING,END,175.61517032646745,2.346472207523203,5.592786593886594,168.04818514312785
589,19.652,,STANDING,END,174.57203466459663,1.8513155031966877,5.297908254594061,168.05890308242283
590,19.686,,STANDING,END,172.7326860512498,1.5958044956358894,4.750289720694775,167.21103480426893
591,19.719,,STANDING,END,170.58058172411586,1.798115368172425,3.984308213087042,165.63201290123334
592,19.753,,STANDING,END,168.0166334284248,2.564878966756769,2.9822552081678118,163.6963437140837
593,19.786,,STANDING,END,164.59694265369353,4.14062541207508,2.244893082747159,161.95053939223735
594,19.819,,STANDING,END,160.86300784139956,6.255646010586652,1.8950319592802425,160.31368714045465
595,19.853,5.0,DESCENDING,START,156.71878005793536,8.855460743406931,2.140336561298965,158.31100598055022
596,19.886,5.0,DESCENDING,START,151.76794564386552,11.938322647938222,3.077955439950901,155.88849647074827
597,19.919,5.0,DESCENDING,START,146.70161226254552,15.302930754761906,4.870269196242525,153.187588273707
598,19.953,5.0,DESCENDING,START,141.9607921514136,18.7859240492042,7.158328477712871,150.24306596800704
599,19.986,5.0,DESCENDING,START,136.66955139679402,22.70335170734426,9.785279839282556,147.20313815237125
600,20.02,5.0,DESCENDING,START,131.56590423860231,26.61463082558885,12.596827913055822,143.99509366066232
601,20.053,5.0,DESCENDING,START,126.74226542353536,30.371217187447492,15.404722289901349,140.98666104537386
602,20.086,5.0,DESCENDING,START,123.03662470335048,33.77014669067901,17.982319368697315,138.12807495599932
603,20.12,5.0,DESCENDING,START,119.8034992221925,36.79110608909462,20.183106450010943,135.37027431885426
604,20.153,5.0,DESCENDING,START,116.95668407518328,39.498850711070816,22.077126787108345,133.00055201740975
605,20.186,5.0,DESCENDING,START,114.83784742486334,41.8100344685143,23.71757775013733,131.03612128450467
606,20.22,5.0,DESCENDING,START,113.5755486476214,43.63353886017829,25.1393749912222,129.25919375374463
607,20.253,5.0,DESCENDING,START,111.49721601065286,45.36179311755678,26.481436460908697,127.42998778777581
608,20.286,5.0,DESCENDING,START,109.61430477949853,46.876844680224586,27.69904705414024,125.485214811548
609,20.32,5.0,DESCENDING,START,108.22328671360576,48.20223144706335,28.806573918824096,123.53367273428191
610,20.353,5.0,DESCENDING,START,106.89287510223735,49.76410680561787,29.91170936074294,121.70787218938479
611,20.387,5.0,DESCENDING,START,105.63742511568492,51.34457410626369,31.05238502244833,119.86406399913322
612,20.42,5.0,DESCENDING,START,104.48308750898404,53.10312073992613,32.11484165861783,118.1867855914028
613,20.453,5.0,DESCENDING,START,103.32670660103842,54.934444565477655,33.25689648034555,116.71238233137932
614,20.487,5.0,DESCENDING,START,101.9059090072002,57.038973479154535,34.38034703727319,115.36599674139957
615,20.52,5.0,DESCENDING,START,100.52684838995025,59.20421150497178,35.61640554810039,114.07586067497286
616,20.553,5.0,DESCENDING,START,99.27519197729984,61.6653696712016,36.95172791007359,113.13861571254616
617,20.587,5.0,DESCENDING,START,98.00935778380052,64.0564273085457,38.24084878474224,112.41174453503953
618,20.62,5.0,DESCENDING,START,98.64537450642496,66.86637973253353,39.58663051913963,110.59784907198322
619,20.653,5.0,DESCENDING,START,98.7373576394182,69.25083658267012,40.8839222405082,108.57764403748216
620,20.687,5.0,DESCENDING,START,98.9957928266865,71.01380822890307,42.23737894038603,106.59628961359611
621,20.72,5.0,DESCENDING,START,98.08211881628684,72.45156451919118,43.36134407768318,104.92319122765133
622,20.754,5.0,DESCENDING,START,96.68584818996376,73.87536457062845,44.45390324473287,103.39827027154008
623,20.787,5.0,DESCENDING,START,93.59173324425385,74.56013455678209,45.35901456081791,102.10214988681375
624,20.82,5.0,DESCENDING,START,91.40331826446352,75.24494887619231,46.2227361187641,100.9784207671166
625,20.854,5.0,BOTTOM,BOTTOM,89.29075086050153,75.75518506158015,46.737416798469816,99.95968162498426
626,20.887,5.0,BOTTOM,BOTTOM,88.66899608564668,76.05746552480971,47.17547052573289,99.05965125736607
627,20.92,5.0,ASCENDING,ASCENT,88.70408746297916,76.16261211458617,47.628369697822855,98.07147408803054
628,20.954,5.0,ASCENDING,ASCENT,88.71471022365702,76.46279094843688,48.153504888909616,96.87896580973486
629,20.987,5.0,ASCENDING,ASCENT,88.71437725679469,76.64901181245129,48.69660729383093,95.72998097611263
630,21.021,5.0,ASCENDING,ASCENT,88.72418146695308,77.04960851740846,49.10537933869874,94.71180267190176
631,21.054,5.0,ASCENDING,ASCENT,88.47531630887718,77.50216593601404,49.50970716493548,93.9108804605569
632,21.087,5.0,ASCENDING,ASCENT,88.41112086028718,77.80964233477819,49.75519289703151,93.30086927138011
633,21.121,5.0,ASCENDING,ASCENT,88.41206460607017,77.99293772438043,49.72607904567612,92.88284607613785
634,21.154,5.0,ASCENDING,ASCENT,88.98273410776245,77.62981937349525,49.50983520457971,92.70787581218994
635,21.187,5.0,ASCENDING,ASCENT,89.97728996613452,76.84212546668806,49.13853579111879,92.74989359205564
636,21.221,5.0,ASCENDING,ASCENT,91.37844432277484,75.54482620621805,48.477405966765616,92.89001959307639
637,21.254,5.0,ASCENDING,ASCENT,94.00044292398744,73.78451957947601,47.402716618618754,93.05470424598559
638,21.287,5.0,ASCENDING,ASCENT,97.63482065009958,71.53576820737919,46.03610832527842,93.40636230269746
639,21.321,5.0,ASCENDING,ASCENT,101.83743192993276,68.9982037082576,44.430124062187325,94.14643798865815
640,21.354,5.0,ASCENDING,ASCENT,105.9575811886124,66.2218140757518,42.675601730500645,95.18759995583278
641,21.388,5.0,ASCENDING,ASCENT,109.91495774619275,63.35753932942815,40.88526594652268,96.45752767904976
642,21.421,5.0,ASCENDING,ASCENT,113.0168534222166,60.25715336278243,39.18104830648648,97.79027018659171
643,21.454,5.0,ASCENDING,ASCENT,114.8943588911641,56.97984838987188,37.40187868632224,99.17725973061985
644,21.488,5.0,ASCENDING,ASCENT,115.72669582329956,54.018710241589176,35.5176521728565,100.71186332987446
645,21.521,5.0,ASCENDING,ASCENT,116.7562232490584,50.978641300086096,33.63948282611236,102.39178949834601
646,21.554,5.0,ASCENDING,ASCENT,118.20655940913386,47.80720289378173,31.7346105156138,104.24341456892317
647,21.588,5.0,ASCENDING,ASCENT,120.38570301701282,44.50458109203934,29.76449968095548,106.28028068081828
648,21.621,5.0,ASCENDING,ASCENT,123.26476257430006,41.29990253441497,27.671925030528048,108.4137189266072
649,21.654,5.0,ASCENDING,ASCENT,126.9492537233476,37.9170412413675,25.521725021649004,110.71445275318554
650,21.688,5.0,ASCENDING,ASCENT,130.64994390994772,34.73973777648328,23.15926642640312,113.2246584648436
651,21.721,5.0,ASCENDING,ASCENT,134.63482947152812,31.522617065813773,20.58554145808897,115.90783441497004
652,21.755,5.0,ASCENDING,ASCENT,138.8431368505342,28.22482740606091,17.787807949582522,119.22830753263709
653,21.788,5.0,ASCENDING,ASCENT,142.95993482905686,24.89786721255903,15.067838632081711,123.17732459567682
654,21.821,5.0,ASCENDING,ASCENT,147.43232469631,21.50857537216019,12.422421727621623,127.62614229578425
655,21.855,5.0,ASCENDING,ASCENT,151.95036013537091,18.0381422436579,9.864102337267957,132.11357988387442
656,21.888,5.0,ASCENDING,ASCENT,156.23050859193705,14.62788354724069,7.312672265411386,135.9310240453952
657,21.921,5.0,ASCENDING,ASCENT,160.22213941249944,11.393433846495086,5.049472966406924,139.09302360748504
658,21.955,5.0,ASCENDING,ASCENT,163.8877534925014,8.521701619511324,3.2286225354818656,141.73028570888727
659,21.988,,STANDING,END,166.87220333130364,5.993963589983446,2.068721908165764,143.79976432369662
660,22.022,,STANDING,END,169.32288959216515,3.885397441307873,1.571969469534583,145.7653917950817
661,22.055,,STANDING,END,171.11207355701563,2.307848079480677,1.6989744336786288,147.8790961890038
662,22.088,,STANDING,END,171.9380164930018,1.3730431185868792,2.233845047867974,150.20799642373893
663,22.122,,STANDING,END,172.6448970443547,0.6772945300793993,2.8843271046868413,152.44773954801792
664,22.155,,STANDING,END,172.9184798580294,0.3402541358041834,3.2970167972750097,154.09891449914207
665,22.188,,STANDING,END,173.17172119650806,0.1897908701458449,3.5049215994582807,155.1800012041203
666,22.222,,STANDING,END,173.43442048309208,0.2867426816107364,3.701482393494382,155.9409820731899
667,22.255,,STANDING,END,173.6421221852618,0.4500329534940874,3.890574716760184,156.6580228396947
668,22.288,,STANDING,END,173.8295249098595,0.5901470437086286,4.018535707255522,157.51317401005036
669,22.322,,STANDING,END,173.97498887526794,0.7169856943536762,4.128016196592667,158.50782873711353
670,22.355,,STANDING,END,174.05014652480492,0.824243943679203,4.237395433479076,159.45547999473334
671,22.389,,STANDING,END,174.01508277316867,0.8048893042659483,4.237667749518716,160.3069037566745
672,22.422,,STANDING,END,174.1049592842581,0.7866696150870655,4.19379964465503,160.99738505618052
673,22.455,,STANDING,END,174.18887038443637,0.7618724095126159,4.1353847251698745,161.64627577026647
674,22.489,,STANDING,END,174.29027601677137,0.7415706365164143,4.066895840045408,162.37748043342788
675,22.522,,STANDING,END,174.4387301860228,0.7291199868953749,3.9846549586934,163.10639207040555
676,22.555,,STANDING,END,174.5454722456945,0.6782404099216491,3.839992656732944,163.6222922230279
677,22.589,,STANDING,END,174.38218154145753,0.5375956775953524,3.658575904414384,163.74327902638998
678,22.622,,STANDING,END,174.1722726279889,0.4613163210250445,3.3635133585147514,163.63238818924714
679,22.655,,STANDING,END,173.81113150083792,0.5363713635822748,2.9401736775114364,163.7272437168529
680,22.689,,STANDING,END,173.03485766995294,0.8557074758941459,2.3233987933345586,164.29647451767931
681,22.722,,STANDING,END,172.00321682552288,1.601649007059823,1.8877164216075892,165.0167583160848
682,22.756,,STANDING,END,170.45049650630654,2.923811918279827,1.8660874601552495,165.121682488198
683,22.789,,STANDING,END,168.23820754939896,4.737432023718107,2.334002907651089,163.91035179330655
684,22.822,,STANDING,END,164.8807719066872,7.15276859596828,3.3405660431579705,161.65713250537783
685,22.856,,STANDING,END,160.9691005425997,9.975056524695932,4.985499572320569,159.1924356421982
686,22.889,6.0,DESCENDING,START,156.51037418488386,13.124487614766954,7.003296286637652,157.21356691007847
687,22.922,6.0,DESCENDING,START,151.981248344599,16.408666401391482,9.164612040938469,155.59387527112884
688,22.956,6.0,DESCENDING,START,147.7310196382908,19.709852390705468,11.4243852385243,153.82881860211708
689,22.989,6.0,DESCENDING,START,144.037258961208,22.98250679572911,13.803862645806356,151.74104516476518
690,23.023,6.0,DESCENDING,START,140.44261168409918,26.384751412352035,16.238014443071112,149.3826309012729
691,23.056,6.0,DESCENDING,START,137.07342897023167,29.722629087277948,18.650579549833488,147.11812180104957
692,23.089,6.0,DESCENDING,START,133.88474776308493,33.09405900872464,21.03057464449614,144.95476240006633
693,23.123,6.0,DESCENDING,START,130.45661077268977,36.40052431007265,23.405329598216237,142.87138180307596
694,23.156,6.0,DESCENDING,START,127.11346280251657,39.45100605980847,25.644669322535428,140.86920337275274
695,23.189,6.0,DESCENDING,START,124.24412376342876,41.97519282262706,27.651067895441308,138.7186580135838
696,23.223,6.0,DESCENDING,START,121.15157628315804,44.31770550242232,29.461538785375176,136.28344237162526
697,23.256,6.0,DESCENDING,START,118.38662910299054,46.35112316651478,30.962353981044743,133.6978184545282
698,23.289,6.0,DESCENDING,START,117.97134791500405,48.132977397340326,32.2213321421854,131.06741262130166
699,23.323,6.0,DESCENDING,START,118.70122764471655,49.24888210748083,33.19074220844152,128.59890441856592
700,23.356,6.0,DESCENDING,START,119.00857835693414,50.62061211903208,33.9889589626604,126.38922052688069
701,23.39,6.0,DESCENDING,START,118.8654932653506,52.15394151410716,34.78195873319241,124.13605304450022
702,23.423,6.0,DESCENDING,START,119.49380911320029,53.3082171499752,35.39984257905028,122.08388711916739
703,23.456,6.0,DESCENDING,START,117.04970902119472,54.72103056955085,35.90207405863848,120.27342049847911
704,23.49,6.0,DESCENDING,START,113.91543340559332,56.47810408113552,36.309542708099706,118.4808895669672
705,23.523,6.0,DESCENDING,START,111.17074438748678,58.23272573422544,36.74463800081615,116.64591731851563
706,23.556,6.0,DESCENDING,START,108.77631789254244,59.80348403888006,37.238994530910624,114.81143115992278
707,23.59,6.0,DESCENDING,START,105.60413714055716,61.72184644831812,37.63707389614891,113.06858244015253
708,23.623,6.0,DESCENDING,START,103.4004254394425,63.38747465930537,38.13522826197893,111.51389887480309
709,23.656,6.0,DESCENDING,START,101.54032311690092,64.85864187589888,38.80433712648333,110.0592924640489
710,23.69,6.0,DESCENDING,START,99.61272858520218,66.25128118990779,39.51188979781215,108.65141423839432
711,23.723,6.0,DESCENDING,START,100.25053534513133,67.44839507266674,39.999410817745606,107.26629382547851
712,23.757,6.0,DESCENDING,START,100.11030099586152,68.57074560919962,40.6910177135495,105.73954103820068
713,23.79,6.0,DESCENDING,START,100.47855379052032,69.35328097125253,41.34228537253136,104.28678582326599
714,23.823,6.0,DESCENDING,START,99.32323870469084,70.39055208580909,42.07379690630456,103.02121449428171
715,23.857,6.0,DESCENDING,START,98.52465544535455,71.1148400843966,42.66352670755696,101.92178672556726
716,23.89,6.0,DESCENDING,START,96.1742311675482,71.56109924895377,43.385802226480905,100.98582740375625
717,23.923,6.0,DESCENDING,START,94.38182492110728,72.15786615732702,44.27321502468952,100.05709237745187
718,23.957,6.0,DESCENDING,START,92.32888817075552,73.06328503442754,44.86495419131101,99.02124598710378
719,23.99,6.0,DESCENDING,START,91.5206747197014,73.96034000700013,45.36795895261141,97.99899457121711
720,24.024,6.0,DESCENDING,START,90.82287191617613,74.72617092115905,45.85853873781606,96.9733156483038
721,24.057,6.0,BOTTOM,BOTTOM,89.87151929192669,75.57304266992388,46.16644426641649,96.02240885861393
722,24.09,6.0,BOTTOM,BOTTOM,89.32551493381456,76.25329773576617,46.418374661551375,95.28823814975783
723,24.124,6.0,BOTTOM,BOTTOM,88.60720727994499,76.9241193976186,46.852666795596015,94.8670288276346
724,24.157,6.0,BOTTOM,BOTTOM,87.90717892585205,77.5435740611328,47.121585876013945,94.64649485963864
725,24.19,6.0,BOTTOM,BOTTOM,87.11244113325013,78.32757642840588,47.56620113568811,94.4113624451324
726,24.224,6.0,BOTTOM,BOTTOM,86.48754860758682,79.14613968725165,48.183413023907725,93.94855232237931
727,24.257,6.0,BOTTOM,BOTTOM,85.80109879696155,79.87109162906545,48.69649254914587,93.21101275823213
728,24.29,6.0,BOTTOM,BOTTOM,85.1487901618552,80.64957742935948,49.24693526490832,92.3117612409873
729,24.324,6.0,BOTTOM,BOTTOM,84.45689341055518,81.3643842745791,49.85102293130031,91.3029360293338
730,24.357,6.0,BOTTOM,BOTTOM,83.51200654616501,82.2435812951062,50.31081510612908,90.23929786923725
731,24.391,6.0,BOTTOM,BOTTOM,82.6218198149531,82.92067983305974,50.5378430277934,89.14183314276531
732,24.424,6.0,BOTTOM,BOTTOM,81.70512189174737,83.5740241082447,50.741518689541614,88.13165227320617
733,24.457,6.0,BOTTOM,BOTTOM,81.01721365596894,83.88312101823942,50.6780452107303,87.13793518477635
734,24.491,6.0,BOTTOM,BOTTOM,80.34376454997637,84.45095564413914,50.5377206976084,86.16256092709679
735,24.524,6.0,BOTTOM,BOTTOM,80.10872023908499,84.67030120658426,50.352272373146775,85.34898665758188
736,24.557,6.0,BOTTOM,BOTTOM,79.61224334676128,85.07549436214637,50.12849592764545,84.73021655129597
737,24.591,6.0,BOTTOM,BOTTOM,79.2962831024796,85.36676819543639,49.79828989848456,84.3393390734932
738,24.624,6.0,ASCENDING,ASCENT,79.3596771288787,85.40456606487268,49.58168375553881,84.1476817549068
739,24.657,6.0,ASCENDING,ASCENT,80.23602099323575,84.59986249646457,49.33888678425695,84.050189323291
740,24.691,6.0,ASCENDING,ASCENT,81.71038307998799,83.22845928098627,49.04285371584699,84.10793095684429
741,24.724,6.0,ASCENDING,ASCENT,84.43859596182828,81.22110978078481,48.59937066314741,84.54317470407588
742,24.758,6.0,ASCENDING,ASCENT,89.10555203566199,78.37215963967058,47.78699599289126,85.56002720983807
743,24.791,6.0,ASCENDING,ASCENT,94.3378938786411,74.88362242901452,46.59864519915713,87.04761120028502
744,24.824,6.0,ASCENDING,ASCENT,99.98646694429452,71.03581197091668,45.17697288336326,88.76086802467692
745,24.858,6.0,ASCENDING,ASCENT,105.65620230815748,66.9096184467052,43.42329349509872,90.49943768537536
746,24.891,6.0,ASCENDING,ASCENT,110.8098693576956,62.4503511007592,41.477535677751085,92.0698431937654
747,24.924,6.0,ASCENDING,ASCENT,114.10482068904176,58.47567852166443,39.49689981255968,93.69917105289268
748,24.958,6.0,ASCENDING,ASCENT,116.92501710968868,54.676647016083,37.49637864308448,95.69897492803784
749,24.991,6.0,ASCENDING,ASCENT,119.30557717408078,50.9463646019068,35.32087212083033,97.98339342232174
750,25.025,6.0,ASCENDING,ASCENT,121.62592741822677,47.33198138658527,33.10812993380737,100.5395646469963
751,25.058,6.0,ASCENDING,ASCENT,124.34660957739084,43.83833544476541,30.79611143990905,103.27712671451886
752,25.091,6.0,ASCENDING,ASCENT,127.73744525001013,39.91732447537344,28.21387881715763,106.48277131380608
753,25.125,6.0,ASCENDING,ASCENT,131.38528885661304,36.13838686368933,25.488078747290253,110.2484837590104
754,25.158,6.0,ASCENDING,ASCENT,135.26804250209452,32.38978800661771,22.54119161329303,114.11348255777504
755,25.191,6.0,ASCENDING,ASCENT,139.87609607686346,28.43485292123028,19.355747889101224,118.02662113081387
756,25.225,6.0,ASCENDING,ASCENT,144.0610852621625,24.706707534434337,16.193225103590702,122.12980098502867
757,25.258,6.0,ASCENDING,ASCENT,147.8700754652296,21.22282575542156,13.294120271846506,126.26475469558896
758,25.291,6.0,ASCENDING,ASCENT,152.0989271836014,17.69067847394043,10.567159799125516,130.54626185929905
759,25.325,6.0,ASCENDING,ASCENT,156.2963525844834,14.262214141571675,8.084903257874455,134.9183234787593
760,25.358,6.0,ASCENDING,ASCENT,160.134366036461,11.238424120049896,6.009229852921388,138.87761955074265
761,25.392,6.0,ASCENDING,ASCENT,164.183882909464,8.366496997486927,4.1935176228626885,142.45422679616698
762,25.425,,STANDING,END,167.87133895852838,5.83836549705981,2.640393723683245,145.36758490323413
763,25.458,,STANDING,END,170.92321874019586,3.7861496008614366,1.5577690132985955,147.72061261009318
764,25.492,,STANDING,END,173.43820247438035,2.2152468877748115,1.0555636019860708,149.62372998762672
765,25.525,,STANDING,END,174.85358786829605,1.2079906319604137,0.8715314600622348,151.20123787219865
766,25.558,,STANDING,END,175.47717739922768,0.6345080811478059,0.910888002683904,152.81111396920147
767,25.592,,STANDING,END,176.01693103888448,0.2298886660485741,1.180434192646794,154.67233784319984
768,25.625,,STANDING,END,176.08135278585138,0.0436536648954174,1.4429505125449833,156.52082707510985
769,25.658,,STANDING,END,175.80571037043836,0.0509574166545623,1.5933057460139934,158.1089345490557
770,25.692,,STANDING,END,175.57503630274826,0.0753223432842782,1.7462019673015767,159.27969171694588
771,25.725,,STANDING,END,175.41325948291552,0.0610352178033699,1.8761544318746428,160.09923689081012
772,25.759,,STANDING,END,175.249246592628,0.0603307034810225,1.9742136358885412,160.8703122266982
773,25.792,,STANDING,END,175.12221495339196,0.0713997801111709,2.068009319535979,161.67194649360698
774,25.825,,STANDING,END,175.0379059397987,0.0967432650222407,2.156685382137076,162.4992232657971
775,25.859,,STANDING,END,174.97398269208588,0.1122659455945515,2.214533510934861,163.3189195685495
776,25.892,,STANDING,END,174.94896643568063,0.1585653710107291,2.2980755853200763,164.02216165677748
777,25.925,,STANDING,END,174.94382659066736,0.2127894022316052,2.3690690594212547,164.58344428198996
778,25.959,,STANDING,END,174.9628843943186,0.2764492007102863,2.432707942583842,165.0303722457176
779,25.992,,STANDING,END,174.90124294207857,0.3024339245421458,2.4884430987084456,165.42576721625628
780,26.026,,STANDING,END,174.92762625970755,0.3415759449882886,2.5375039400590405,165.8878212056713
781,26.059,,STANDING,END,174.8848180151018,0.3502196566287995,2.571761899206739,166.41799179562187
782,26.092,,STANDING,END,174.845852456701,0.3464005845256993,2.594256401831013,166.97580854203844
783,26.126,,STANDING,END,174.7832396384144,0.3173482877883333,2.586200805073724,167.49423919017372
784,26.159,,STANDING,END,174.7147948679801,0.2890188554601635,2.567104130471912,167.907973824492
785,26.192,,STANDING,END,174.5465078777197,0.2275926964262181,2.5364754777910226,168.26831592215444
786,26.226,,STANDING,END,174.39772766506505,0.1899106687749718,2.43441096303243,168.64771727682674
787,26.259,,STANDING,END,174.20827686315877,0.1955859741960251,2.294022212536823,169.03982940734696
788,26.292,,STANDING,END,174.02678958064632,0.2768957813825604,2.089605559451825,169.35892063750745
789,26.326,,STANDING,END,173.81250550385138,0.5031331659046152,1.7276007559105715,169.47315883309997
790,26.359,,STANDING,END,173.28464763540353,0.957896852391356,1.2782053057821412,169.3978590054496
791,26.393,,STANDING,END,172.51342557912125,1.716216982946389,1.2362930908304095,169.23414845197746
792,26.426,,STANDING,END,171.39914861818784,2.857371116690844,1.6289565617957078,168.89064323892782
793,26.459,,STANDING,END,169.69999873583083,4.525275998662302,2.622207238751061,168.15542709625302
794,26.493,,STANDING,END,167.53144269970682,6.612021994202064,4.104966635161448,166.966974406536
795,26.526,,STANDING,END,164.56050996699912,9.284476364951916,6.18532770935183,165.5055068877236
796,26.559,,STANDING,END,160.5039220943076,12.376284618913752,8.289239007704264,163.77318600375145
797,26.593,7.0,DESCENDING,START,156.0990277344874,15.656311752032938,10.399398263507006,161.6715531568502
798,26.626,7.0,DESCENDING,START,151.87842636334884,18.86148278447975,12.37706441454712,159.28069012838117
799,26.659,7.0,DESCENDING,START,147.42146770480142,22.138104765947865,14.376718570602009,156.6689886994644
800,26.693,7.0,DESCENDING,START,143.65725458365918,25.14222216540609,16.26618960080443,154.11287673256786
801,26.726,7.0,DESCENDING,START,140.37027663283058,28.004786833624745,18.10809550334997,151.9542351024397
802,26.76,7.0,DESCENDING,START,137.09700229763573,30.738725105188887,19.80046545707672,149.97523982469897
803,26.793,7.0,DESCENDING,START,133.9466005636059,33.33880705668705,21.40535217205116,148.08250550199514
804,26.826,7.0,DESCENDING,START,131.09899511386885,35.64514803844694,22.895638653240603,146.06163335490197
805,26.86,7.0,DESCENDING,START,128.54048362988016,37.44736730388779,24.13562649674825,143.92359766573077
806,26.893,7.0,DESCENDING,START,126.7424210250078,38.86366094438377,25.28501586520077,141.99066252542477
807,26.926,7.0,DESCENDING,START,125.07978801361324,40.16619627292805,26.380095165505,140.2328819824968
808,26.96,7.0,DESCENDING,START,123.11515812876551,41.35843176955755,27.331322654379026,138.53411710285846
809,26.993,7.0,DESCENDING,START,121.37699106253343,42.45269108263314,28.155545949459224,136.91900071831802
810,27.027,7.0,DESCENDING,START,119.0880788369206,43.89216947920275,28.96159072081584,135.25179273326714
811,27.06,7.0,DESCENDING,START,116.40762857540582,45.41435726335596,29.6923210436134,133.73336664339112
812,27.093,7.0,DESCENDING,START,114.11714407616503,46.88653142239584,30.366575971283368,132.44285212483038
813,27.127,7.0,DESCENDING,START,112.13748303277092,48.47223013775125,31.052683215827663,131.3388728222463
814,27.16,7.0,DESCENDING,START,112.2635744542694,49.69185555111085,31.72322312252116,130.20831602252613
815,27.193,7.0,DESCENDING,START,111.93296565665923,50.898593000515255,32.30574061894232,128.59069609531824
816,27.227,7.0,DESCENDING,START,112.3411058095689,52.069508828204974,32.8511723970501,126.42774856615286
817,27.26,7.0,DESCENDING,START,112.72435348295384,53.06594497965423,33.362167326345954,124.22089944096024
818,27.293,7.0,DESCENDING,START,113.26846635210464,53.76966704514926,33.90654824357108,122.19948192346328
819,27.327,7.0,DESCENDING,START,111.13151643753244,55.020980101113786,34.627639640859634,120.34970508488774
820,27.36,7.0,DESCENDING,START,109.78977543469978,56.22151825137168,35.37590992344635,118.74157979928196
821,27.394,7.0,DESCENDING,START,107.91343363237324,57.57229972066972,36.09728472997624,117.23308359397485
822,27.427,7.0,DESCENDING,START,105.8886410912864,59.26286964887047,37.00584667416167,115.83406986546169
823,27.46,7.0,DESCENDING,START,103.60985088872626,61.36731094456702,37.8961588670597,114.461284511644
824,27.494,7.0,DESCENDING,START,103.30470189441785,62.6409497850067,38.77287276361649,113.09090706852275
825,27.527,7.0,DESCENDING,START,103.12717002813312,63.94450586461387,39.7721636469884,111.80683638242218
826,27.56,7.0,DESCENDING,START,104.7633341774847,65.42317530514215,40.81896572765079,110.52628434574775
827,27.594,7.0,DESCENDING,START,106.59515902363822,66.55335819123218,41.61878433786576,109.15206796722637
828,27.627,7.0,DESCENDING,START,108.95752506324202,67.21203816802144,42.31028973726325,107.74724912784338
829,27.66,7.0,DESCENDING,START,108.72675614240106,68.63169751074885,42.83721551688724,106.3037032709437
830,27.694,7.0,DESCENDING,START,108.332072414431,69.74817128054737,43.24887904070415,104.86497989068278
831,27.727,7.0,DESCENDING,START,105.87059380380848,70.46334872449674,43.5600207818173,103.58352283465965
832,27.761,7.0,DESCENDING,START,102.43982034604852,71.16101611670543,43.93419536816407,102.35614712422802
833,27.794,7.0,DESCENDING,START,98.44027793496387,71.91105342153472,44.311845570875626,101.22592181271811
834,27.827,7.0,DESCENDING,START,95.66378218945424,72.5436238430681,44.66578600040233,100.17116634443514
835,27.861,7.0,DESCENDING,START,93.0250703364818,73.25919887817099,45.05755382515674,99.11762564604864
836,27.894,7.0,DESCENDING,START,90.59978592944827,73.9750887200633,45.47521446652441,98.0898654018381
837,27.927,7.0,BOTTOM,BOTTOM,89.48064617802082,74.39664899650813,45.78197923180038,97.10256809319216
838,27.961,7.0,BOTTOM,BOTTOM,88.77535196292136,74.9762539186742,46.29986354648464,96.18917036591996
839,27.994,7.0,BOTTOM,BOTTOM,88.42823181025675,75.21253756536144,46.76748972787006,95.42864364441101
840,28.028,7.0,BOTTOM,BOTTOM,88.26092849138169,75.49483795591303,47.06313745541426,94.70733980997136
841,28.061,7.0,ASCENDING,ASCENT,88.56154703535422,75.54724549651164,47.40187672202502,93.92189962551733
842,28.094,7.0,ASCENDING,ASCENT,88.47185645876957,75.86535305315685,47.80760258169282,93.05809679357047
843,28.128,7.0,ASCENDING,ASCENT,87.96645623948162,76.39807968192797,48.0236120937406,92.28209054998274
844,28.161,7.0,ASCENDING,ASCENT,87.13364071493974,77.37530625717352,48.29303866277864,91.76457053552
845,28.194,7.0,ASCENDING,ASCENT,86.17684726672232,77.98406186934781,48.43376478027655,91.35439920911128
846,28.228,7.0,ASCENDING,ASCENT,85.03139938629339,78.66295351547872,48.550148387386265,90.79714175264245
847,28.261,7.0,ASCENDING,ASCENT,83.76699717697713,79.48844216061046,48.53959206788542,89.98627999978899
848,28.294,7.0,ASCENDING,ASCENT,83.04602991477527,79.69827541338303,48.34374584094002,89.01429143690005
849,28.328,7.0,ASCENDING,ASCENT,82.36134680182373,79.76234092076534,48.01858359463208,88.07673365656441
850,28.361,7.0,ASCENDING,ASCENT,81.92828457983298,79.94081834404581,47.848707229454114,87.4484430979671
851,28.395,7.0,ASCENDING,ASCENT,81.64309900958189,80.05513527662659,47.40940396886272,87.1573384743117
852,28.428,7.0,ASCENDING,ASCENT,82.26428077428352,79.71066397282075,46.97549758365105,87.13040910526486
853,28.461,7.0,ASCENDING,ASCENT,83.52908151539248,79.12791805077762,46.62004111675863,87.20859132569265
854,28.495,7.0,ASCENDING,ASCENT,85.76529790398656,77.93605563586041,46.254432805634046,87.30287424711965
855,28.528,7.0,ASCENDING,ASCENT,90.84203294169336,76.51552746792957,45.82306679387786,87.44006030857513
856,28.561,7.0,ASCENDING,ASCENT,95.79670652463147,74.48686123255894,45.27179293893725,87.76485842881945
857,28.595,7.0,ASCENDING,ASCENT,100.17363009276896,72.40321564524396,44.5591166218923,88.42458554498496
858,28.628,7.0,ASCENDING,ASCENT,106.46792733387964,69.99755225504136,43.74097087309632,89.39258775972613
859,28.661,7.0,ASCENDING,ASCENT,111.63134474699685,67.4810608787764,42.732169389520685,90.58672209038136
860,28.695,7.0,ASCENDING,ASCENT,113.33872821798916,64.99114861247679,41.62897134446016,91.89409695769305
861,28.728,7.0,ASCENDING,ASCENT,114.87730974538437,62.55617580431779,40.48899726204603,93.13394294889069
862,28.762,7.0,ASCENDING,ASCENT,116.96254132723432,59.64592279157896,39.26442151302727,94.3703490108287
863,28.795,7.0,ASCENDING,ASCENT,117.43442130821866,56.87540713632321,37.77535092077864,95.64478426903473
864,28.828,7.0,ASCENDING,ASCENT,118.18380337270509,54.20223572823007,36.24798483117718,97.16509170935308
865,28.862,7.0,ASCENDING,ASCENT,118.73407930019462,51.45904165291406,34.45555351734135,99.09294680717996
866,28.895,7.0,ASCENDING,ASCENT,120.22741629797063,48.51066766800648,32.71221530055293,101.24497548301902
867,28.928,7.0,ASCENDING,ASCENT,121.83204374020082,45.79360714191253,31.04744490617251,103.5563244168546
868,28.962,7.0,ASCENDING,ASCENT,123.15370660873975,43.01336923958697,29.31127055945101,106.01536653429352
869,28.995,7.0,ASCENDING,ASCENT,125.31135566610018,40.154684999028966,27.369779499933223,108.44868984821869
870,29.029,7.0,ASCENDING,ASCENT,128.79029309037583,37.080436102000064,25.33730098648173,111.04111730441954
871,29.062,7.0,ASCENDING,ASCENT,131.9806577104625,34.33545989752885,23.12256962858148,113.77118987530369
872,29.095,7.0,ASCENDING,ASCENT,135.44766075364436,31.33555667819844,20.475474293914043,116.87051727654399
873,29.129,7.0,ASCENDING,ASCENT,139.24361447495093,28.21635928540824,17.744057238119588,120.43121562646807
874,29.162,7.0,ASCENDING,ASCENT,142.66393171861688,25.20223945080569,15.155493213422394,123.92428533719813
875,29.195,7.0,ASCENDING,ASCENT,146.3665227361877,22.23589919069644,12.831712827437304,127.11460206606363
876,29.229,7.0,ASCENDING,ASCENT,150.41986438652083,19.0363433389906,10.509581809589813,130.06246684749865
877,29.262,7.0,ASCENDING,ASCENT,154.43284032496268,15.95117208114776,8.420891709649615,132.92355235824238
878,29.295,7.0,ASCENDING,ASCENT,158.14259080074962,13.036730582519406,6.544281596601006,136.1831320307121
879,29.329,7.0,ASCENDING,ASCENT,162.36861297102388,9.92385904048748,4.722150984302066,140.09150933874906
880,29.362,,STANDING,END,165.84056222902598,7.102849101619102,2.9599655196564187,144.15740819081086
881,29.396,,STANDING,END,169.22157001877494,4.5809420316654,1.943350038844929,148.09779562036866
882,29.429,,STANDING,END,172.33715141443935,2.8210386788085677,1.4694706804304585,151.2191212788933
883,29.462,,STANDING,END,174.59411867651403,1.749215836482214,1.4621391673154072,153.47265415634146
884,29.496,,STANDING,END,176.03269239694987,1.4518106231399173,1.9258100204996424,155.06746938725786
885,29.529,,STANDING,END,177.42570840492894,1.503779516339094,2.745129980776153,156.29193147741833
886,29.562,,STANDING,END,178.1497530328421,2.064707349105766,3.4095985688221275,157.56434596760673
887,29.596,,STANDING,END,178.30824655451377,2.5806403669202007,3.9989638432912615,159.07923695258538
888,29.629,,STANDING,END,178.52187536405603,3.047082799324328,4.4933953691811945,160.72523723669022
889,29.662,,STANDING,END,178.67832606856172,3.391875305025013,4.86199916722798,162.41642644490312
890,29.696,,STANDING,END,178.016844163634,3.3922780542808737,5.11946655699395,164.0182679435601
891,29.729,,STANDING,END,176.8518925177837,3.18431313626701,5.288441384869248,165.3489469476633
892,29.763,,STANDING,END,175.4051614545268,2.866615021847269,5.4372036881108565,166.56728194813672
893,29.796,,STANDING,END,173.91161371372573,2.522999871472748,5.563140150953102,167.68658779284567
894,29.829,,STANDING,END,172.2990581275429,2.1163496941367703,5.645620267333176,168.72192620617085
895,29.863,,STANDING,END,171.4551640335081,1.9366738186317751,5.692468096510365,169.6404683350732
896,29.896,,STANDING,END,171.08404292892675,1.8541959705023117,5.68610044088072,170.3838518285285
897,29.929,,STANDING,END,170.8037741827122,1.7823928364886306,5.64299454977356,171.03092405115441
898,29.963,,STANDING,END,170.51256849344378,1.67951158500373,5.546529098307917,171.64387185926847
899,29.996,,STANDING,END,170.31204993957894,1.57606045096269,5.403426873632492,172.18781658236855
900,30.03,,STANDING,END,170.69840669668463,1.6073509174911265,5.247831770135002,172.6947656781148
901,30.063,,STANDING,END,170.96249429990226,1.6049108035039483,5.085577263811669,173.14232927506066
902,30.096,,STANDING,END,172.23315732117618,1.8620793627426904,4.896776176497481,173.5411877881869
903,30.13,,STANDING,END,173.57960730899936,2.129985283469876,4.717296500943762,173.90256286230235
904,30.163,,STANDING,END,174.31761168683437,2.236210344242876,4.556457073456426,174.2206991985199
905,30.196,,STANDING,END,174.7960924839799,2.3041802996562817,4.427045066250105,174.5184141738175
906,30.23,,STANDING,END,175.45173435808428,2.402480879998703,4.282177717331392,174.81541431594476
907,30.263,,STANDING,END,175.37092887876324,2.310465565121139,4.147161568785868,175.1138032993218
908,30.296,,STANDING,END,175.30744882373023,2.2225970199538443,4.007775622827535,175.43303448357443
909,30.33,,STANDING,END,175.92533921178944,2.33132476034074,3.869310244291954,175.7574723224653
910,30.363,,STANDING,END,176.2249216632361,2.335090611108805,3.7038858406464974,175.9870854329846
911,30.397,,STANDING,END,176.503170953788,2.3721710653888275,3.5925459088680056,176.06077222563374
912,30.43,,STANDING,END,176.68177675991654,2.342814629213952,3.4186506752038426,176.0021676859693
913,30.463,,STANDING,END,176.8753138148047,2.2564875107785483,3.153388268781643,175.8933708762558
914,30.497,,STANDING,END,177.05273117839707,2.1261195958479413,2.8264786968726563,175.73917420441185
915,30.53,,STANDING,END,177.19763162278645,1.9257386997231507,2.4138383241235277,175.5462219767402
916,30.563,,STANDING,END,177.23784565039674,1.599982326040434,1.851446823273579,175.36029248503672
