time,knee_raw,knee_smooth,hip_raw,hip_smooth,trunk_raw,trunk_smooth
0.033,164.1305704791197,164.1305704791197,12.275433066919858,12.275433066919858,5.225507467246385,5.225507467246385
0.066,166.143563842517,165.13706716081836,10.541053401878791,11.408243234399325,3.841599774911656,4.533553621079021
0.1,166.09641260409728,165.45684897524467,9.864009786521176,10.893498751773274,3.376135052980336,4.1477474317127925
0.133,166.6194497174868,165.7474991608052,9.634786433692767,10.578820672253148,3.05691209232533,3.875038596865927
0.166,167.75332244794674,166.1486638182335,9.212007112318592,10.305457960266235,2.6654644902597755,3.6331237755446963
0.2,168.83713181514955,167.08997608543945,8.698317751286407,9.590034897139546,2.428012952411799,3.073624872577779
0.233,169.49000232853246,167.75926378264256,8.129148702643297,9.107653957292449,2.221252964078866,2.7495555104112217
0.266,170.2120917943159,168.5823996206863,7.704059516802672,8.675663903348747,2.068048584395815,2.487938216694317
0.3,170.6030752875821,169.37912473470536,7.2675062241025215,8.202207861430697,1.777817096429834,2.232119217515218
0.333,170.29126617640605,169.8867134803972,6.981504515637833,7.7561073420945466,1.4912565183818536,1.9972776231396332
0.367,170.09949453841776,170.13918602505086,6.672575768956403,7.350958945628546,1.1309028935503291,1.7378556113673393
0.4,170.36760382478352,170.31470632430108,6.412987204812751,7.0077266460624354,0.8894017579655852,1.4714853701446835
0.433,171.26937077946357,170.5261621213306,5.665182845675051,6.599951311836911,0.3742220456216313,1.1327200623898466
0.467,172.48961365832176,170.90346979547854,5.391951726915573,6.224840412399522,0.10810855084128349,0.7987783532721365
0.5,171.36041523891168,171.11729960797965,5.615327052963372,5.95160491986463,0.01641979599653169,0.5038110087950722
0.533,171.7549980445912,171.44840030921435,5.240715290646162,5.665232824202581,0.2832852422597468,0.33428747853695573
0.567,172.6872142404695,171.91232239235154,4.487396546781062,5.2801146925962446,0.8386998086245188,0.3241470886687424
0.6,172.47511327048943,172.15347089055672,3.6702114107783324,4.881120405616899,1.7353431184948596,0.596371303243388
0.633,173.2690454265694,172.30935724420624,2.5869763672085506,4.320125333675496,2.68010696627085,1.1107709863293014
0.667,173.3609070917716,172.70945561477825,1.9969607451767042,3.5964520721181623,3.2654395514078445,1.760574937411564
0.7,173.41936075716737,173.04232815729347,2.0912505514079984,2.9665591242705296,3.048253077544821,2.3135685044685785
0.734,173.1695608268938,173.13879747457833,2.545491711329271,2.5781781571801714,2.5823398654389718,2.662296515831469
0.767,175.41423562525978,173.72662194553237,3.2742072741505734,2.498977329854619,1.2027525983257836,2.5557784117976543
0.8,175.12356176198344,174.09752521261515,3.6719102642468684,2.7159641092622833,0.7206380722520092,2.163884632993886
0.834,175.00241412531022,174.42582661932292,3.962850273385766,3.1091420149040956,0.0986804649025529,1.5305328156928275
0.867,174.35778166324482,174.61351080053842,3.5578694814674754,3.4024658009159907,0.5004967030788702,1.0209815407996374
0.9,174.14973231763463,174.80954509868658,3.583712523669742,3.6101099633840845,0.41333803139355524,0.5871811739905543
0.934,174.88765344189773,174.70422866201415,3.118089084097901,3.5788863253735506,0.634652804221739,0.47356121516974525
0.967,174.163652572265,174.51224682407047,3.3632213280317904,3.5171485381305354,0.5865149587975667,0.44673659247885683
1.001,174.13708064817638,174.3391801286437,3.4123420177689123,3.4070468870071635,0.3847523542713363,0.5039509703526135
1.034,173.6719524124941,174.20201427849355,3.517094186983119,3.3988918281102927,0.26431202640972407,0.45671403501878427
1.067,172.7896562594507,173.92999906685677,3.2630890606443685,3.3347671355052184,0.4471114890348374,0.4634687265470407
1.101,173.14276239937774,173.5810208583528,2.1785307411173065,3.1468554669090993,1.2749196793738304,0.591522101577459
1.134,173.39703388826723,173.42769712155322,1.75125788392687,2.8244627780881153,1.548709191422724,0.7839609481024904
1.167,177.63555404440055,174.12739180079808,0.6289696949840224,2.2677883135311374,1.4614095917795902,0.9992923956041413
1.201,177.2712911059491,174.84725953948907,0.6623794195363888,1.6968453600417912,1.412155856702744,1.2288611616627452
1.234,179.27758056947135,176.14484440149323,0.37780831213668814,1.1197892103402551,1.146775731133837,1.368794010082545
1.267,179.2844117749496,177.37317427660756,0.4173909610274232,0.7675612543222784,1.1564670705546343,1.3451034883187059
1.301,179.08376644503352,178.51052078796084,0.3935627522149449,0.4960222279798935,1.3564891286445655,1.3066594757630743
1.334,178.98367184290106,178.78014434766092,0.21861903505268904,0.4139520959936268,1.6197107559660047,1.338319708600357
1.368,178.3748384919019,179.00085382485148,0.5542154541352359,0.39231930291339623,1.7163858617709593,1.399165709614
1.401,176.0374949570902,178.35283670237524,1.1979144101227992,0.5563405225106185,1.8004300758860126,1.5298965785644352
1.434,175.99324393467072,177.69460313431946,0.8827149350985045,0.6494053173248346,1.9960389473992417,1.6978109539333566
1.468,177.32729915825607,177.343309676964,0.47813467451098585,0.6663197017840429,2.0093148165238173,1.828376091509207
1.501,177.61453047487308,177.0694814033584,0.372575772644928,0.6971110493024907,2.069455456171003,1.9183250315502067
1.534,178.1774767678992,177.03000905855782,0.08834837750161065,0.6039376339757656,2.3057662992088277,2.0362011190377807
1.568,178.60074682116502,177.54265943137278,0.10600368308068212,0.38555548856734223,2.292089257931583,2.1345329554468946
1.601,178.95761664798155,178.13553397403498,0.06337084556212653,0.22168667066006664,2.419024989840777,2.2191301639352017
1.634,179.49746447236586,178.56956703685697,0.48142106011613023,0.2223439477810955,2.464655172604751,2.3101982351513883
1.668,179.67594282808778,178.98184950749987,0.41854738698548344,0.23153827064920657,2.5419910023281216,2.404705344382812
1.701,179.7103341009149,179.28842097410302,0.4946078758613426,0.31279017032115297,2.7058717653235442,2.4847264376057554
1.735,179.55540947669073,179.47935350520817,0.5601387721729082,0.4036171881395981,2.749658156167677,2.576240217252974
1.768,179.55625471888425,179.5990811193887,0.38754144642014027,0.46845130831120085,2.8205722412031045,2.65654966752544
1.801,179.85591743498406,179.67077171191235,0.6182931146631103,0.495825719220597,3.089898520618834,2.781598337128256
1.835,179.97719280841784,179.73102170797839,0.8024301738966585,0.572602276602832,3.223579281455241,2.91791599295368
1.868,179.81117662724256,179.7511902132439,1.2775426071651554,0.7291892228635946,3.655084801327881,3.107758600154548
1.901,179.74420679867282,179.78894967764032,1.095908730549401,0.836343214538893,3.6030889466828535,3.278444758257583
1.935,179.55726430754467,179.7891515953724,1.0553660104931104,0.9699081273534871,3.588867169222563,3.4321037438614743
1.968,179.7049103183305,179.75895017204166,1.0942363030102775,1.0650967650229206,3.640782514284524,3.5422805425946122
2.002,178.38459354217377,179.44043031879283,0.7558077027821564,1.0557722708000203,3.538340686538875,3.605232823611339
2.035,176.267339886594,178.73166297066314,0.03543131435730596,0.8073500122384504,3.4701737684187446,3.568250617029512
2.068,176.48341543657781,178.07950469824416,0.35601928999969007,0.659372124128508,3.7388150662685087,3.595395840946643
2.102,177.01847198958228,177.57174623465167,0.696410449618867,0.5875810119536593,3.9359919403713333,3.6648207951763974
2.135,178.77797960486942,177.38636009195946,1.9597550855165675,0.7606847684549174,4.676359295882567,3.871936151496006
2.168,179.88309078086408,177.6860595396975,3.188011494597231,1.2471255268179324,5.39809158601473,4.2438863313911765
2.202,179.75963019250585,178.3845176008799,3.945777222018243,2.02919470835012,6.024119487784563,4.7546754752643405
2.235,179.2753295412422,178.94290042181277,4.217659104923326,2.8015226713348467,6.106576938762061,5.2282278497630505
2.268,179.7298486718146,179.48517575825923,4.037229132391511,3.4696864078893754,6.091933237435715,5.659416109175927
2.302,179.93777607482212,179.71713505224974,3.898694383583741,3.8574742675028104,6.067718956409088,5.937688041281231
2.335,179.99004049593916,179.73852499526478,3.5640378019057852,3.9326795289645218,5.780866067530609,6.014242937584408
2.369,179.04173742703713,179.59494644217105,2.4861770752376975,3.640759499608412,4.922953322837934,5.794009704595082
2.402,179.13545812005302,179.5669721579332,2.3611294644971346,3.2694535715231745,4.773039625086632,5.527302241859996
2.435,179.79591560214047,179.58018554399837,1.5448057880870154,2.7709689026622746,3.8492912612583092,5.0787738466245145
2.469,179.70447366829276,179.5335250626925,1.4232791625425192,2.2758858584540302,3.762981283442754,4.617826312031248
2.502,179.1008868181235,179.35569432712936,1.7904739655682977,1.921173091186533,3.794978991053673,4.22064889673586
2.535,177.53625426682737,179.05459769508744,2.3257147893571375,1.889080634010421,3.8274746937942092,4.0015531709271155
2.569,177.6823996859741,178.76398600827164,2.377239375573012,1.8923026162255965,3.9517854876597975,3.837302343441749
2.602,178.4831342890176,178.50142974564707,2.1785999319109393,2.019061444990381,3.90329599186486,3.8481032895630585
2.635,179.6297654920193,178.48648811039237,1.8668353517370861,2.1077726828292946,3.8671320409125456,3.868933441057017
2.669,179.27605011479775,178.5215207697272,2.1101858549180044,2.1717150606992357,4.112664739481555,3.932470590742594
2.702,179.26550553263067,178.86737102288788,1.8416651051182977,2.074905123851468,4.33684876682524,4.034345405348799
2.736,179.4112814688358,179.21314737946022,2.1131935805043724,2.02209596483774,4.721193382098637,4.188226984236567
2.769,179.83715659041238,179.48395183973918,2.76252718533014,2.1388814155215803,5.260370704993384,4.459641926862273
2.802,179.74370131124013,179.50673900358333,2.942756139277802,2.354065573029723,5.565146568134091,4.799244832306582
2.836,179.48344346140465,179.54821767290474,3.1048930778486588,2.5530070176158537,5.908191526910877,5.158350189792445
2.869,179.33823213976208,179.56276299433102,3.1755009620818133,2.8197741890085575,6.051176241086437,5.501215684644686
2.902,179.29957501321695,179.54042170320727,3.3397454752878235,3.065084567965248,6.342299822589056,5.825436972742769
2.936,178.78095499671977,179.32918138446874,3.5170859231110323,3.2159963155214255,6.742921713823362,6.121947174508764
2.969,178.76305381857924,179.1330518859365,3.625730254006589,3.352591138467184,6.8503598250710045,6.378989825896147
3.003,179.5803324017052,179.15242967399664,3.957026396440439,3.5230178021855396,7.0368103033297995,6.604713581179932
3.036,179.41878326847103,179.16853989973842,4.005071897114976,3.6889319891921715,7.114055455596365,6.817289424081918
3.069,179.7862105706871,179.26586701123244,4.178339821112215,3.8566508583570505,7.209206818000262,6.990670823164159
3.103,179.71231689548807,179.45213939098613,4.183325785878562,3.989898830910556,7.2035085688293226,7.08278819416535
3.136,179.30878149584765,179.56128492643978,4.302895742078035,4.1253319285248455,7.357811976608025,7.184278624472755
3.169,179.31317087988083,179.50785262207492,4.307300893350591,4.195386827906876,7.357050289910941,7.248326621788982
3.203,179.15511495146893,179.45511895867452,4.316113950316564,4.257595238547194,7.42014930402611,7.309545391474932
3.236,179.2526031775414,179.34839748004538,4.458157216799281,4.313558717684607,7.620783997937691,7.391860827462418
3.269,179.069885074614,179.21991111587056,4.543543749162028,4.3856023103413,7.879467742957335,7.527052662288019
3.303,178.8399517518062,179.12614516706228,4.562042408297852,4.437431643585263,8.159663863496338,7.687423039665683
3.336,178.93938902049194,179.0513887951845,4.425473661795233,4.461066197274191,8.287474492314699,7.873507880146434
3.37,178.7788617679105,178.9761381584728,4.318526102717517,4.461548627754382,8.503118034095893,8.090101626160392
3.403,178.17794743222444,178.76120700940942,3.976387665366624,4.36519471746785,8.406642418686648,8.247273310310183
3.436,178.3034176537456,178.60791352523574,3.920136786422585,4.240513324919962,8.320895912526138,8.335558944223942
3.47,177.8620370035075,178.41233057557602,3.6238624346107504,4.052877330182541,8.291710229552649,8.361968217435205
3.503,177.98447652527986,178.22134807653362,3.5262071046943957,3.8730240187623743,8.21363935500796,8.347201189973859
3.536,177.35420866072212,177.93641745509595,3.2196934339510257,3.653257485009076,8.188494800381768,8.284276543231032
3.57,177.65487187946707,177.83180234454443,3.2789759715634417,3.5137751462484395,8.137968993282863,8.230541858150277
3.603,177.7383012260292,177.71877905900112,3.285717111843151,3.3868912113325527,8.134464420895405,8.193255559824129
3.636,177.7749383748938,177.70135933327842,3.3582186080009238,3.3337624460105877,8.22562964200618,8.180039442314836
3.67,177.68354181190412,177.64117239060326,3.398840940972008,3.30828921326611,8.28594742346189,8.19450105600562
3.703,177.6065804169312,177.6916467418451,3.432621282914414,3.3508747830587877,8.390290474975316,8.23486019092433
3.737,177.07318818619362,177.5753100031904,3.3946193109228244,3.374003450930664,8.462510566255537,8.299768505518866
3.77,177.00616367807314,177.42888249359916,3.490448556573181,3.4149497398766697,8.554088806618827,8.38369338266355
3.803,177.27865066381537,177.3296249513835,3.9888158326388217,3.5410691848042495,8.929295186999916,8.524426491662298
3.837,177.47027646108577,177.2869718812198,4.597348045654208,3.7807706057406896,9.509556036408974,8.769148214251715
3.87,178.2578473919514,177.41722527622386,5.246867353471634,4.143619819852134,9.841246828956171,9.059339485047886
3.903,177.43276793276578,177.48914122553828,5.160552769963001,4.496806511660169,9.977118889546654,9.362261149706109
3.937,178.35815292247713,177.75953907441908,5.384768152947252,4.875670430934983,9.927291290433155,9.636901646468974
3.97,179.0305829976353,178.10992554118306,5.457988279729702,5.169504920353159,9.60890226564378,9.772823062197746
4.004,178.22705382332123,178.2612810136302,5.19052328242744,5.2881399677078065,9.427957371897874,9.756503329295526
4.037,178.9053378810052,178.3907791114409,5.237598387750626,5.286286174563605,9.100834168116195,9.608420797127533
4.07,178.45433448579962,178.59509242204768,5.147426526789835,5.283660925928971,8.947597862932133,9.402516591804627
4.104,178.28991207678598,178.58144425290945,4.868647169611539,5.180436729261829,8.66605684994945,9.150269703707886
4.137,178.13088353581315,178.40150436054503,4.637224745956779,5.016284022507244,8.26543029693644,8.881575309966419
4.17,178.0124113269231,178.3585758612654,4.53823168697388,4.885825703416532,8.106109930630709,8.617205821712986
4.204,179.0991479815961,178.3973378813836,4.683348368880736,4.774975699642554,7.867779257671342,8.370594839624015
4.237,179.15737500046603,178.53794598431688,4.677550489571682,4.6810004921989234,7.774153632072885,8.135905993452166
4.27,179.47998741985566,178.7759610529308,4.346518548861472,4.57657476804891,7.58925262508879,7.920545148480033
4.304,179.3644704909353,179.02267844395524,4.262912899553934,4.5017123987683405,7.470450042776679,7.76154909764808
4.337,179.09119888157258,179.23843595488515,4.193210008411453,4.4327080630558555,7.454703311102664,7.631267773742472
4.371,179.10581426358738,179.2397692112834,4.2050178017268705,4.337041949625083,7.467111631852908,7.551134248578785
4.404,179.1216696310743,179.23262813740504,4.662896595599059,4.334111170830558,7.506519149687851,7.497607352101779
4.437,179.2862645797987,179.19388356939368,4.562875272349733,4.377382515528209,7.289478097855625,7.437652446655145
4.471,179.67644419186715,179.25627830958004,4.389027591622406,4.402605453941904,7.158232816809404,7.375209001461689
4.504,179.91224228191172,179.42048698964786,4.377177198868429,4.4393988920332985,7.165064542040268,7.317281247649211
4.537,179.9348306636757,179.58629026966554,4.423860817799248,4.483167495247775,7.245879954656495,7.273034912209928
4.571,179.64539450267498,179.69103524398565,4.181450288806022,4.386878233889168,7.078629246568234,7.187456931586004
4.604,179.59361632692443,179.7525055934108,4.002239843527056,4.274751148124632,6.893255576567783,7.108212427328437
4.637,179.58635720551825,179.73448819614106,4.047809396112221,4.206507509022595,6.934740357770705,7.063513935520698
4.671,179.68119248771865,179.6882782373024,3.909101945212711,4.112892458291452,6.8175511251694925,6.994011252146542
4.704,179.6748030015578,179.63627270487882,4.06524047285056,4.041168389301714,7.004387378818272,6.945712736978898
4.738,179.3920092419566,179.58559565273518,3.7831306139199,3.9615044543244897,6.773579630281376,6.8847028137215265
4.771,179.2913790359422,179.5251481945387,3.709638603028136,3.9029842062247058,6.730800903347235,6.852211879077416
4.804,179.08824327596867,179.4255254086288,3.5083350985614654,3.795089346714555,6.70611431467576,6.806486670458428
4.838,178.5388151090484,179.19704993289474,3.032285555619523,3.6197260687959165,6.433662098568067,6.729708865138141
4.871,177.8980870917419,178.84170675093156,2.1801421909329997,3.242706412412405,5.818394092998443,6.492510207974176
4.904,177.64072951420624,178.49145080538148,1.0529226919023889,2.6966648280089025,4.670122363568951,6.071818754631691
4.938,176.67168866120764,177.96751273043458,0.1292734642350526,1.9805918002502856,3.7511439414834182,5.475887362258928
4.971,176.42285344227054,177.43443476369492,0.5761113920873784,1.3941470589554685,3.3455382673965466,4.803772152803085
5.005,176.02859829479056,176.9323914008434,1.4364892017695254,1.074987788185469,2.478623409076048,4.012764414904681
5.038,176.59213384003036,176.67120075050107,2.7677030053762937,1.1924999510741277,0.6981314785338406,2.9887118920117612
5.071,174.246831235947,175.99242109484922,5.032187492225728,1.9883529111387959,0.91613783492648,2.237914986283267
5.105,172.35479243549852,175.12904184970742,6.756946630893881,3.3138875444705618,2.457785718014826,1.9792433415895485
5.138,170.75249680318808,173.9949705218909,8.883276226701753,4.975320511393436,4.150127390275883,2.1401611661654156
5.171,169.63847721952894,172.71694630683857,11.175307584497494,6.92308418793903,6.824156970933131,3.009267878536832
5.205,167.91731589251532,170.9819827173356,13.400647847405471,9.049673156344866,8.468102757594702,4.563262134349005
5.238,164.47099418974636,169.02681530809542,16.342399239384417,11.311715505776604,11.057513200639084,6.591537207491525
5.271,161.75700956176067,166.90725873334787,18.642328988424296,13.688791977282687,12.757112090005698,8.6514024818897
5.305,159.13219050428637,164.58319747356754,20.742997521400593,16.060736236222453,14.310957734572376,10.683568550748998
5.338,155.60748684115708,161.77699939789315,22.89381291552786,18.404437302428526,16.2639741256711,12.571531981696591
5.372,152.7283693880339,158.73921009699686,25.3030021510817,20.784908163163774,17.69430928634047,14.416773287445746
5.405,148.9127050689946,155.62755227284651,27.66928102559511,23.050284520405913,19.346923887121093,16.074655424742147
5.438,147.47003357098723,152.77015707469184,28.665972755573154,25.055013273835684,20.344640947287477,17.592161196198504
5.472,146.74751305420358,150.29322158467525,29.58453084135109,26.823319937825783,21.00044829574976,18.93005930843398
5.505,146.5973483778268,148.49119389200922,29.49629964095446,28.143817282911108,20.91532390901932,19.860329265103623
5.538,147.12362986811053,147.37024598802455,29.294045465518483,28.942025945798463,21.002087612373614,20.521884930310254
5.572,148.43710000871482,147.2751249759686,27.712803904531444,28.95073052158573,19.822104403884932,20.616921033663022
5.605,151.60573586783573,148.1022654353383,25.41235238710768,28.300006447892635,18.686323995841203,20.285257643373768
5.638,154.3245509505244,149.61767301460247,23.609758905323805,27.10505206068718,17.839682771169617,19.65310453845774
5.672,157.21199831884638,151.74060300280638,21.670634087029605,25.539918949902205,17.004806897522563,18.87100113615839
5.705,164.330068193785,155.18189066794127,18.84639771400519,23.450389399599548,16.48517350733314,17.967618315150293
5.739,168.6929845567436,159.23306757754705,16.65068806041484,21.237966230776223,15.199849927447348,17.043167419862776
5.772,168.46557404993985,162.60503521396782,15.881762114681864,19.33184817629106,14.032897499389286,16.112482120572388
5.805,169.72974272006672,165.68607356787632,14.456317311764113,17.50115985757912,13.058679117635142,15.156281389865494
5.839,171.8359457996128,168.6108630640296,12.836176880490457,15.734268416271291,12.032394724694504,14.161798955299883
5.872,174.013485847914,170.5475465948554,11.41079154260881,14.247147181992016,11.182475819725596,13.101259417778374
5.905,175.15593207983096,171.8401360994729,10.401795528638301,12.99736867563671,10.281534621187433,12.117596356526393
5.939,175.64589629766016,173.2762005490169,9.454647244484887,11.711945701597315,9.141459387375846,11.139308734123706
5.972,177.58167461884173,174.8465869287719,7.934051483358852,10.407492535916262,8.071683910260669,10.14190969264881
6.006,178.66341085237187,176.21207993932373,7.325653474122631,9.305387854642696,7.573345809797969,9.250099909669503
6.039,179.32502359933684,177.2743874896083,6.033070562116827,8.2298436585443,6.607039879984613,8.335012721721306
6.072,178.91919483840286,178.0270400413227,5.857447186622299,7.320973990141098,6.24551874346962,7.527809546177743
6.106,179.2680151307782,178.7514638079463,5.245954606364344,6.479235462516991,5.742308367601304,6.847979342222834
6.139,178.76349626568395,178.98782813731472,4.7277560405955406,5.837976373964328,5.132226182356093,6.26008779664192
6.172,179.7008604151871,179.1953180498778,3.832908797842854,5.139427438708372,4.582905292201625,5.661999693122651
6.206,179.31184040849237,179.1926814117089,2.8609975350398016,4.505012833292968,3.9208418953520527,5.124760096196139
6.239,178.90139374481112,179.18912119299054,2.400407433287416,3.8136048826259907,3.5560665063933006,4.586869648780874
6.272,177.9524249047933,178.92600314779355,0.9331880198453772,2.951051565322198,2.33109642960219,3.904627261181053
6.306,176.60602642487558,178.4945091796319,0.25873395351557965,2.0572471479062058,1.781661218011028,3.234514268312039
6.339,174.70360246332098,177.49505758925866,0.9042074969559559,1.4715068877288262,0.7554453089866979,2.4690222716690533
6.373,174.6143461127574,176.55555873011167,1.9982183999056204,1.2989510607019898,0.3920686142733341,1.76326761545331
6.406,175.77539749194125,175.93035947953769,2.5894571844911454,1.3367610109427357,1.3256208991683018,1.3171784940083104
6.439,176.20922131240528,175.5817187610601,3.11127347755938,1.7723781024855363,2.1061945757460214,1.2721981232370765
6.473,175.79168084678045,175.41884964544107,3.973086604544114,2.515248632691243,2.728782373758283,1.4616223543865277
6.506,175.92721574257018,175.6635723012909,4.630831416395893,3.2605734165792306,3.513940675993971,2.0133214277879823
6.539,177.3482487973646,176.21035283821234,4.405247883625332,3.741979313323173,4.155913979422553,2.766090500817826
6.573,177.2726074944633,176.50979483871677,4.777170659097745,4.179522008244493,4.59145892790811,3.4192581065657874
6.606,177.52865220179322,176.77368101659434,4.900881981668922,4.537443709066402,4.972118019541781,3.9924427953249397
6.639,178.02727611877867,177.220800070994,4.950928694406623,4.733012127038903,5.223097892831258,4.491305899139535
6.673,177.91201897780905,177.61776071804175,4.947300695004986,4.796305982760722,5.225796779549728,4.833677119850686
6.706,178.45985973567574,177.840082905704,4.737337465358178,4.862723899107291,5.228996125932385,5.0482935491526515
6.74,178.42216640123328,178.069994687058,4.821944411857911,4.871678649659324,5.374965492923408,5.204994862155712
6.773,178.85763852128838,178.33579195095703,4.484945931093541,4.788491439544248,5.219615941711008,5.2544944465895576
6.806,179.59597338175575,178.64953140355246,3.800111453811605,4.558327991425244,4.863741371463468,5.182623142315999
6.84,179.79974427444319,179.02707646287928,2.873879034069344,4.143643659238116,4.483065118852864,5.034076810176627
6.873,179.7037919286594,179.275862901476,2.4653572536648936,3.6892476168994586,4.165109400051575,4.821299465000465
6.906,179.7284202743031,179.53711367608997,1.9040543228571716,3.1056695990993104,3.692358359978702,4.484778038411523
6.94,179.85223589565837,179.73603315096395,1.2532484608927454,2.459330105059152,3.055335153769412,4.051921880823205
6.973,179.61789104630373,179.74041668387355,0.586102241301123,1.8165282625570556,2.3728225727836403,3.553738121087239
7.007,179.96529942902114,179.77352771478914,0.7801857802519946,1.3977896117935857,0.9322040201604423,2.843565901348754
7.04,179.26460479204417,179.68569028746612,1.522740679891173,1.2092662970388415,0.11167734706490363,2.0328794907514203
7.073,178.69174731947675,179.47835569650084,3.5961949198954732,1.5476944164465019,1.7472048009099055,1.6438487789376608
7.107,177.25807444534342,178.95952340643785,5.183264648834443,2.3336976540348413,3.172470441462708,1.6672758364763198
7.14,175.77419328676194,178.1907838545295,7.536353258732531,3.723747857521123,5.481897417295673,2.2890908053787262
7.173,174.25565759682775,177.0488554880908,9.518222390906068,5.471355179651938,7.5762377361721684,3.617897548581072
7.207,172.76947262346047,175.74982905437406,11.356196797924156,7.438046403258534,9.471038274183767,5.4897697340048435
7.24,170.6240773032642,174.13629505113158,13.692682237942062,9.457343866867854,11.729509812384348,7.486230736299733
7.273,165.90383647042003,171.8654474561469,17.368409731849113,11.894372883470785,14.047163210402314,9.661169290087653
7.307,162.6800759116013,169.24662398111474,20.910095690479604,14.5691213698202,16.55622052742098,11.876033912112714
7.34,154.16196599077648,165.2278856599045,25.923359233365872,17.850148738312164,19.01878980281693,14.164544325441668
7.374,145.15795442541506,159.7055820202954,31.71551576117399,21.922012530962128,22.010300607784888,16.67239679216189
7.407,141.37988615342437,153.85674379032744,36.032644844805816,26.390005052334878,25.2812033663433,19.382735502953683
7.44,135.33880742944868,147.74373798213318,40.256457660479,30.967614638060855,28.152634498210276,22.203829760515273
7.474,130.39125639111853,141.28597407803662,43.6041375754828,35.5064230150615,29.907860009239933,24.874157656879067
7.507,127.30015191098282,135.9136112620779,46.075806673267806,39.53691250304188,31.600011286249092,27.390401953565497
7.54,123.32825754906818,131.5476718868085,48.511933689155065,42.89619608863809,33.52569048829242,29.693479929667
7.574,118.57542102831403,126.98677886178646,52.85365932672434,46.2603989850218,35.470046546949156,31.731248565788178
7.607,113.64728075401948,122.6484735267006,57.18941384361192,49.64699022164839,36.38186578239396,33.37709482262491
7.64,109.38670829651171,118.44756390777926,60.93507876698294,53.113178459948415,38.313037985351656,35.05813041784726
7.674,105.51627317166154,114.090788159915,63.026977060794465,56.50341253745374,40.30392011228586,36.79891218305461
7.707,102.82919380618881,109.99097541133911,63.86063027856178,59.573151855335084,41.755432856930916,38.44486065678231
7.741,101.5529014504825,106.5864714957728,65.65940606762146,62.13430120351452,42.65247446697883,39.88134624078824
7.774,98.18656551203934,103.49432844737677,67.82021878448643,64.26046219168941,43.36839413296492,41.27865191090243
7.807,96.74026675189504,100.96504013845345,70.12700513501106,66.09884746529505,45.22164688488286,42.660373690808676
7.841,94.25627079331913,98.71303966278495,71.56293635732476,67.8060393246011,45.35498988321529,43.67058764499457
7.874,91.54161592069718,96.45552408568662,73.59317494735033,69.75254825835881,46.23504966341661,44.566511006291705
7.907,88.05230939458072,93.75540567450629,75.0707705134919,71.6348211475329,47.19090561868014,45.474197236631966
7.941,85.72273570225836,91.2626397125501,75.67778063018969,73.20633351667354,47.78127120861722,46.35677265176243
7.974,83.85783334423401,88.68615303101788,76.63487851602156,74.50790819287565,48.97977492853043,47.10839826049194
8.008,83.02883017406361,86.44066490716678,77.14483966670082,75.62428885475086,50.065384195231154,48.05047712289511
8.041,81.02429914258919,84.33720155154518,78.44906601035234,76.59546706735127,50.90549793924298,48.98456677806039
8.074,79.52836664406115,82.63241300144128,78.90418502780928,77.36214997021473,51.47169454660869,49.84072456364609
8.108,78.48578743058773,81.18502334710713,79.59784998750929,78.14616384167866,51.930006186658495,50.670471559254345
8.141,78.00388624007203,80.01423392627476,79.50568037426972,78.72032421332828,51.68523143751968,51.2115628610522
8.174,78.2136042310145,79.05118873766492,79.32314800518454,79.15598588102503,51.40331999422204,51.479150020850376
8.208,77.163657482501,78.27906040564729,80.73052509392312,79.61227769773919,51.69514524115211,51.637079481232206
8.241,76.7155140539996,77.71648988763498,81.33562412488966,80.09856551715527,51.58616119440773,51.65997281079201
8.274,76.58718862332988,77.3367701261834,79.65314738265386,80.10962499618418,50.471137046994336,51.36819898285918
8.308,76.0809747336464,76.95218782489829,80.43691715549234,80.29587235242869,50.15202254004843,51.06155720336493
8.341,75.91663284289346,76.49279354727408,80.63791886365905,80.5588265241236,49.94818240706922,50.77052968593436
8.375,76.19211239002807,76.29848452877948,80.41737515445946,80.49619653623088,49.832834701358586,50.39806757797566
8.408,76.34793224723862,76.22496816742728,80.25851168308401,80.28077404786974,49.600353851153066,50.00090610932473
8.441,77.99349518947254,76.5062294806558,78.36449180909989,80.02304293315896,49.597868121584234,49.82625232424271
8.475,80.63129088575292,77.41629271107713,76.07501430719202,79.15066236349888,47.73948528083108,49.343744872399235
8.508,84.02832084981064,79.03863031246057,72.8125606874755,77.58559072826218,45.813837437112724,48.51687587840794
8.541,88.43829605481352,81.48786704541764,69.72266823716166,75.44664934480261,44.73090033460806,47.49648900505783
8.575,92.78037047348843,84.77435469066761,66.97127436112555,72.78920188041093,44.02723551644829,46.38186533811688
8.608,95.84558450226764,88.34477255322662,64.4334205875233,70.0029876360956,42.87477137384565,45.03724598856916
8.641,98.86538278651597,91.99159093337924,62.85591644745925,67.35916806414906,40.97958470671051,43.685265873745045
8.675,102.39820094795357,95.66556695300783,60.158195313191925,64.82829498929235,39.870991193078495,42.4966966249382
8.708,106.88758740222023,99.35542522248917,58.77099982074164,62.637961306008336,37.5673435005838,41.06398525813335
8.742,111.57577120491437,103.11450536877435,55.41078370240558,60.32586317426435,35.529338436002554,39.3644058420442
8.775,115.55385418092787,107.0561593045064,51.75786469201708,57.7907519951631,33.07254227879629,37.40396002303434
8.808,120.62470346929423,111.40802344106206,47.694016031149694,54.75837191190119,30.8302192738157,35.37408693645538
8.842,126.15364836713164,116.15911292489766,42.99878703794704,51.32649025685221,27.69011363574926,32.93791142498952
8.875,129.57550575091278,120.69669659463617,39.35585196132547,47.44346068496897,24.898883207606342,30.404219366394027
8.908,135.54688741311432,125.49091983627618,36.14965783492601,43.59123551147306,23.045421620627135,27.907436003318946
8.942,141.10288692295686,130.60072638468196,31.67465888569946,39.57459435020954,19.69310194608465,25.231547936776618
8.975,149.277432180511,136.3312721269253,25.477508803570935,35.13129290469379,16.27583027523076,22.32067013705963
9.009,158.1632527640614,142.7331930063113,19.368544608687888,30.405244418841953,12.833362989679381,19.349320007845655
9.042,163.47770351288312,149.51363255870532,14.939650501862252,25.522004126949305,9.805919595240951,16.330727285372575
9.075,167.99975933197985,156.00420694247845,11.326498760007075,20.55737231196552,7.287900533623171,13.179223067971781
9.109,171.9879826771988,162.18122609332684,7.659465044215808,15.754333543668793,4.381460175085731,10.116894713771998
9.142,175.01970538130163,167.32968073348496,3.9503091000482944,11.448893602964263,0.7229411995904489,7.006316898643936
9.175,177.4980386720689,171.19663791508646,0.468778781759579,7.668940437578603,2.1488596260103168,4.869416225910124
9.209,179.0949210589238,174.32008142429459,2.189074700975931,5.118825277401337,4.167299827580006,3.741692272377935
9.242,179.33434379992565,176.58699831788377,3.272402327513079,3.508005990902538,5.852451941324859,3.454602553918272
9.275,177.75355859898607,177.74011350224117,4.579462859571055,2.8920055539735876,7.046874135527595,3.9876853460066455
9.309,179.10202156883017,178.55657673974693,4.449136624926976,2.991771058949324,7.235989691344783,5.290295044357512
9.342,179.16654806733263,178.89027861879967,4.689929185798064,3.836001139757021,8.301618783338098,6.520846875823068
9.376,178.37225484057737,178.7457453751304,4.982795472283294,4.3947452940184935,8.74200151339835,7.435787212986737
9.409,177.3684390963868,178.35256443442262,4.781610768708424,4.696586982257562,9.031824211471637,8.071661667016093
9.442,176.41088522034755,178.0840297586949,4.473779001960398,4.6754502107354305,8.91322118908018,8.444931077726608
9.476,175.82563752644637,177.42875295021813,4.439230163206549,4.673468918391345,9.085326102856252,8.814798360028904
9.509,178.70669549781525,177.33678243631465,5.1024181664191515,4.755966714515564,8.89810518945717,8.934095641252718
9.542,177.35340138881628,177.13301174596245,4.760517559623912,4.711511131983687,9.14508249114896,9.01471183680284
9.576,179.790651672578,177.6174542612007,5.337872478706624,4.8227634739833265,9.029179805744496,9.014182955657413
9.609,175.48715597926955,177.43270841298508,4.088955688465244,4.745798811284296,8.935524947880443,9.018643707417464
9.642,173.75669924736846,177.0189207571695,3.531489341652378,4.564250646973462,8.853899410272966,8.972358368900808
9.676,172.8613983593768,175.84986132948183,3.6247904733591234,4.268725108361457,9.204258790261095,9.033589089061591
9.709,175.92811407032988,175.56480386578454,4.41894896513249,4.200411389463172,9.156618702224316,9.035896331276664
9.743,177.63844958348562,175.13436344796605,4.757548262066248,4.084346546135096,9.017352682339663,9.033530906595697
9.776,175.2201390994023,175.0809600719926,4.063919337389202,4.079339275919888,8.924860755568288,9.031398068133266
9.809,176.7492383662112,175.67946789576118,3.6518306004709067,4.1034075276835935,8.038427980758605,8.868303782230393
9.843,178.7714710400234,176.8614824318905,4.0518549823811565,4.188820429488,7.7350385733845135,8.574459738855078
9.876,174.57552495479888,176.5909646087843,2.5481541079763854,3.81466145805678,7.253282511378209,8.193792500685856
9.909,176.11043857825283,176.28536240773772,1.740326785403687,3.2112171627242674,5.641778477061046,7.518677659630133
9.943,177.18748992034259,176.67883257192577,1.330412725982688,2.6645158404429647,4.711704136746361,6.676046335865747
9.976,177.55879331315745,176.84074356131504,0.2641376796839487,1.986977256285573,3.413177008485394,5.750996141411106
10.01,178.6529652272281,176.81704239875597,0.5641755596205238,1.2894413717334465,2.494889007096231,4.702966228153448
10.043,179.06520494089906,177.714978395976,1.7532031929530045,1.1304511887287703,1.2778430256259568,3.5078783310029977
10.076,177.32734952910283,177.958360586146,3.6483355989125563,1.5120529514305443,0.7770774206328442,2.5349381197173573
10.11,174.2555519837408,177.37197299882564,6.9606494774159895,2.6381003017172047,3.5316191867532996,2.298921129718745
10.143,171.62944530560398,176.18610339731498,10.02496011335398,4.59026478845121,6.471156196932383,2.9105169674081433
10.176,169.60079074228753,174.37566850032687,12.899092735972053,7.057248223721517,9.35357951883609,4.282255069756115
10.21,166.298757905193,171.82237909318565,15.392981318418862,9.785203848814689,11.842493177908814,6.395185100212686
10.243,163.692256008196,169.09536038900427,17.92850533201512,12.6412377954352,14.049802071209031,9.049730030327924
10.276,160.37611648093042,166.31947328844223,21.320599127548217,15.513227725461647,16.86792129370598,11.716990451718459
10.31,155.19521125060479,163.03262647744234,25.17483500158274,18.543202703107397,19.038616737625166,14.230482559857014
10.343,147.76092555101903,158.66465343918864,30.012288401262396,21.965841836165467,21.999410549966218,16.75964876608304
10.377,143.32219590857974,154.06934103986598,34.06869560482445,25.700984693446582,24.814159466081843,19.35398202371765
10.41,137.47818101823577,148.82652604187393,37.78558055293621,29.672399737630805,27.370391827899308,22.018099975055705
10.443,133.04878653238444,143.36106005216476,40.15955846446429,33.440191605014014,29.260698781303052,24.496655472575117
10.477,128.0567279142623,137.93336338489627,43.11400078964526,37.02802476262652,31.177632031827216,26.92445853141553
10.51,121.50343658743107,132.68186559217867,46.23790367461293,40.273147817296625,32.93054111055518,29.110684643533318
10.543,116.84461145385802,127.38634870123433,49.67613831446651,43.39463635922503,34.24189982026473,30.9962327143699
10.577,113.58610797329284,122.60793409224573,51.87607531952051,46.21273531254191,35.48716875088605,32.61958809896724
10.61,110.05428477305712,118.00903374038026,55.607382290057984,49.30230007766063,35.951625367698256,33.95777341624628
10.643,107.28963800011837,113.85561575755148,57.91415123284659,52.2623301663009,37.73955572166168,35.27015815421318
10.677,105.98548751453286,110.75202594297184,61.93623085273707,55.40199560192573,39.34207849486692,36.55246563107552
10.71,102.74020425077589,107.93114450235541,62.99358914728794,58.06548576849002,41.14196624891602,37.93247891680578
10.744,99.95263617554124,105.2044501428051,64.28190033152416,60.54665077089076,41.925578452663565,39.22016085716128
10.777,98.94900073710053,102.98339333561378,66.21412346123905,62.667999005126966,44.61745530171472,40.95332684396458
10.81,97.60070177098683,101.04560608978746,67.8601793379354,64.65720462614472,44.11701005794255,42.228817711220756
10.844,95.88525051016714,99.02555868891432,70.84265240113231,66.43848893582376,45.836174011271765,43.52763681450172
10.877,94.12285538445197,97.30208891564953,72.57480755487437,68.35473261734106,46.06847554030391,44.512938672779306
10.91,92.52948876008129,95.81745943255756,74.0370164551896,70.30575584207415,47.93857568456942,45.71553811916047
10.944,90.59442154772366,94.14654359468217,75.63804192209359,72.19053953424506,48.46646011988371,46.485339082794276
10.977,90.80832671346833,92.78806858317847,76.5588313634049,73.93026993933896,49.76969985823447,47.61587704285266
11.011,88.15308470512251,91.24163542216955,77.91933550907503,75.34560656092751,50.0956963249415,48.46778150558661
11.044,86.14366523591607,89.64579739246237,79.02375468365115,76.63539598668285,50.93840675633747,49.44176774879331
11.077,83.46105206842383,87.83211005413088,79.84552513578954,77.79709772280285,51.68378349534073,50.19080931094758
11.111,81.36254993806753,85.98573573219964,79.61752797664232,78.59299493371259,51.652776507146875,50.82807258840021
11.144,80.30659926757022,83.88539024302003,80.45305248281383,79.37183915759438,52.096660094164484,51.29346463558621
11.177,78.44399038552265,81.94357137910006,81.00501851803061,79.9889757593855,52.61381729886406,51.797088830370726
11.211,76.8984842191591,80.09453517574867,81.23975323723218,80.4321754701017,52.89275033119743,52.18795754534271
11.244,75.79100765043978,78.56052629215186,82.49147247723167,80.96136493839012,53.59676523371878,52.57055389301833
11.277,74.96284540365092,77.28058538526854,83.2322303634815,81.68430541575796,53.78334037878025,52.996666667344996
11.311,74.54349642521058,76.1279648167966,82.97238559312996,82.18817203782119,54.581729629370834,53.49368057438627
11.344,73.61209552084365,75.16158584386082,84.00120143105296,82.78740862042565,54.67316960426704,53.90555103546687
11.378,73.50384723529798,74.4826584470886,84.5386832322968,83.44719461943859,55.70940755224874,54.468882479677134
11.411,73.77264449386128,74.07898581577288,84.62978209469136,83.87485654293053,55.73001145576823,54.895531724087014
11.444,72.9934278188081,73.68510229880432,85.95505467944734,84.41942140612369,55.37388854375593,55.21364135708215
11.478,74.0546583193797,73.58733467763815,87.87903213110424,85.40075071371854,55.33469625538694,55.36423468228537
11.511,73.40394011528929,73.54570359652726,88.1191907876734,86.22434858504263,55.787713096968204,55.587143380825616
11.544,72.97047878745107,73.4390299069579,88.1436275644309,86.94533745146944,55.90234033771117,55.625729937918095
11.578,70.95012283531761,72.87452557524917,89.34339254376303,87.8880595412838,55.07614546694054,55.49495674015255
11.611,71.32422973127358,72.54068595774226,89.26380725686636,88.5498100567676,55.90345208224637,55.60086944785064
11.644,71.61551993817915,72.05285828150214,86.57336142255649,88.28867591505804,54.464522912091745,55.42683477919161
11.678,71.93449241835418,71.75896874211512,86.1135388350285,87.88754552452906,54.17697711226446,55.10468758225086
11.711,71.86514035141352,71.5379010549076,85.00619986875871,87.26005998539462,53.98206309536928,54.72063213378247
11.745,72.24598699106048,71.79707388605618,84.20080993109016,86.23154346286006,53.88296502080726,54.48199604455583
11.778,72.98356084929078,72.12894010965962,83.44899412218585,85.06858083592395,53.08097294091824,53.91750021629019
11.811,74.34219598936647,72.67427531989708,82.30354605360917,84.21461776213448,52.315261040820964,53.48764784203604
11.845,76.4942464989592,73.58622613601808,80.87988924587711,83.1678878443042,51.54230016276714,52.960712452136576
11.878,78.74761806787997,74.96272167931137,79.14185659303281,81.99501918915902,50.5403495873622,52.272369750535155
11.911,81.84950088323289,76.88342445774586,76.27333605637067,80.40952441421513,49.85950337806316,51.467677421986345
11.945,87.16289314220259,79.71929091632823,73.3168305374594,78.38309169726983,49.16558620253656,50.684600074310005
11.978,91.2052535084231,83.09190242013956,70.64498095177485,76.05137867690297,48.182551305374815,49.85805812722077
12.012,95.87469197959048,86.96799151626581,67.75952961325063,73.42730675037767,46.729567366904284,48.89551156804821
12.045,101.42942014811958,91.50435193231371,65.0114905062647,70.60123353302404,45.72108278493447,47.931658207562656
12.078,104.73057172767751,96.08056610120265,63.546909063414176,68.05594813443277,43.91552903997082,46.742863339944186
12.112,107.1227847924153,100.07254443124519,60.59007038220491,65.51059610338184,41.72957717329161,45.25566153409519
12.145,110.77636482856205,103.98676669527299,58.47374624127233,63.07634916128136,39.79427709117052,43.578006691254345
12.178,115.92769399298236,107.99736709795135,55.89456339279503,60.70335591719023,37.74719337355137,41.78153189258376
12.212,120.33310969206867,111.77810500674119,53.17494398779791,58.33604661349686,36.19376184974216,39.8760677055453
12.245,124.7145282083891,115.7748963028835,48.99037918296428,55.424740637406885,34.37937865436915,37.96883762842496
12.278,131.58190901816423,120.66672114803328,44.68302516104147,52.243331593174204,32.43861636973789,36.11064546771422
12.312,135.05073433439583,125.52159504920004,41.12811763126936,48.774205871173606,30.597489221020567,34.27128789368423
12.345,138.1626334363093,129.96858293786542,38.15360526678325,45.22601424597126,28.43260122028655,32.40836946303126
12.379,145.4134518726673,134.98465137398517,33.740418694597714,41.33910918733121,25.53739061065225,30.27709521521328
12.412,151.74549138328896,140.39084400896513,29.488297097068685,37.438692770152095,22.353451057377466,27.871909695814946
12.445,156.922527643094,145.45896773395106,24.762707907693652,33.45462931948253,18.957698576325758,25.175726137132518
12.479,163.2209279489619,151.09300645686432,19.728354108768173,29.174676614982296,15.967168315363958,22.249661956001198
12.512,169.77019081725095,157.41451793305265,15.532003580487254,24.6503562777231,14.245446160399817,19.412230944023854
12.545,172.03465876703544,162.73875931192626,12.974530701849284,20.49717867917341,12.463295580858272,16.797411938065054
12.579,174.78307299726407,167.34627563472128,9.94309973310027,16.58813920637973,10.07093464242208,14.340908655073978
12.612,176.18924105188822,171.1996183164801,6.955537997056291,13.026705224252254,7.316894672741063,12.012747874357038
12.645,177.39759882172115,174.03495249103193,4.847278344147644,10.050490071328149,5.37890783815958,9.895095778916161
12.679,179.755257261841,176.03196577994999,2.572086378715508,7.458506630973801,3.4800521137443177,7.742016969585063
12.712,178.53333365057307,177.33170075665748,0.7174214604992509,5.007084782703792,1.6114429124990872,5.571646435913225
12.746,175.72829418396898,177.52074499399845,1.2752765021187333,3.2735201365074857,0.034743092690642075,3.5644081259669385
12.779,174.4728994690894,177.17747667743873,3.2590267492764604,2.5342178869515193,1.9296177700917903,2.4869527454370832
12.812,178.60825612061126,177.41960813721673,2.6310934887149253,2.090980915864976,3.2322435449178273,2.057619886788733
12.846,174.8568165634314,176.43991999753482,2.7980192456200856,2.1361674892458913,4.662299986646256,2.2940694613691206
12.879,175.3233608995518,175.79792544733058,3.6301993292821897,2.718723063002479,5.741758361840946,3.1201325512374924
12.912,174.73842646924192,175.59995190438514,4.082597858524114,3.280187334283555,6.494326306778762,4.4120491940551165
12.946,175.18636809265922,175.74264562909912,4.676296750385976,3.5636413345054576,7.198769129363783,5.465879465909515
12.979,179.69225667676557,175.95944574032995,6.15828801519376,4.269080239801225,7.385041515560082,6.296439060037966
13.013,178.92097928816088,176.7722782852759,5.354207495657174,4.780317889808643,7.413060419637664,6.846591146636247
13.046,179.03226684886874,177.51405947513928,5.971655931836576,5.24860921031952,7.635775437118514,7.22539456169176
13.079,179.91189470528724,178.5487531223483,5.679586660513027,5.5680069707173026,7.6758964168081265,7.461708583697634
13.113,177.97218025230808,179.10591555427814,4.972166651110605,5.627180950862228,7.4072814130571345,7.503411040436305
13.146,175.88781649615328,178.34502751815563,4.279636867825618,5.251450721388601,7.195052585850775,7.465413254494441
13.179,173.9019404687715,177.34121975427777,3.381001887139892,4.8568095996851435,6.784435552994172,7.339688281165744
13.213,177.01335168056033,176.9374367206161,3.8019220316050233,4.4228628196388335,6.268050868651167,7.066143367472274
13.246,175.32867945571843,176.02079367070232,3.228212254192639,3.9325879383747546,6.095002382615696,6.749964560633788
13.279,178.12703309469694,176.05176423918007,3.757443932044944,3.689643394561623,5.833713491954739,6.435250976413309
13.313,179.1943318914671,176.71306731824285,3.1947185107633103,3.4726597231491616,4.787387582362054,5.953717975715565
13.346,178.7013598919695,177.67295120288244,1.839815720496092,3.164422489820402,3.5199789773154917,5.30082666057983
13.38,178.97875380007625,178.06603162678562,0.23131780012634184,2.4503016435246656,1.8067915525933405,4.4085747973682645
13.413,179.24043958041892,178.84838365172573,1.1227809812757727,2.029215388941292,0.24989042045815277,3.239552404936756
13.446,177.84898296384802,178.79277362555598,3.758118402808375,2.0293502830939785,2.335006457903726,2.539810998126553
13.48,173.96581092492212,177.74706943224697,6.867242000321982,2.763854981005713,5.365367726932552,2.6554070270406527
13.513,171.00737087204837,176.20827162826274,10.443624729222933,4.484616782751081,8.139016825525504,3.579214596682655
13.546,168.65785186556894,174.14409124136128,13.958047799393707,7.229962782604554,11.500134351464029,5.517883156456793
13.58,164.6665997759002,171.22932328045752,16.310199103592826,10.267446407067965,13.277565438076783,8.123418159980519
13.613,160.46385056855948,167.75229680139984,19.446751347135162,13.405172995933322,15.524060839359926,10.761229036271759
13.646,157.35541107199353,164.43021683081412,23.775666612390822,16.78685791834709,19.11662706767873,13.511480904420996
13.68,147.165527317231,159.66184811985062,30.11640750009917,20.721414472522337,22.313691475248838,16.34641583436566
13.713,142.71237531913562,154.47275281056395,34.00909760147736,24.731624432939064,25.004046976744938,19.047198359421845
13.747,134.83381775138,148.50619640565995,38.789408018656076,29.227466215951715,27.63899309407245,21.919483890620974
13.78,129.84189945643726,142.38180618323548,42.04163173049371,33.74644229262343,29.98761472599259,24.812194667947505
13.813,123.78301997428711,135.6673279636942,45.410928009800635,38.07349457210539,30.943206374482294,27.177510529308222
13.847,116.44161677827299,129.5225458559026,48.791658990425795,41.808544870170714,33.257871283712376,29.36634649100093
13.88,110.48494688695672,123.07706016946682,52.48049144073427,45.50282363802209,34.38501328925918,31.242539753503774
13.913,107.74859756092307,117.66001613137544,55.43130770774844,48.831203575840576,35.627031042671234,32.840147343223535
13.947,101.68817533366274,112.02927130682053,58.71556772288502,52.16599077431882,37.32384116205217,34.307392630435444
13.98,99.66430848111455,107.20552900818602,62.14095939638709,55.51199705163613,39.72105980042554,36.062963315624096
14.014,98.83425437348744,103.6840565272289,63.873093435825986,58.528283940716165,41.653702432779255,37.74212954543747
14.047,96.63442192889853,100.91395153561726,65.30501908446513,61.09318946946233,41.999026362875234,39.26493216016068
14.08,93.97075324157935,98.15838267174851,68.01652921840565,63.61023377159377,43.566898099334594,40.85290557149336
14.114,90.77763832000348,95.97627526901667,70.84090721040762,66.03530166909829,44.332049741232446,42.254547287329416
14.147,90.43981800433832,94.13137717366142,73.21589319660636,68.25028842914216,45.853888810167504,43.48111308927781
14.18,87.59896980419003,91.88432025980194,76.97232199820188,70.87013414161734,46.9711052355987,44.5445936498417
14.214,86.47495790967842,89.85242745595792,78.21868744137804,73.45286781299993,49.23539993628068,45.99186836452279
14.247,83.92827065963333,87.84393093956871,79.16997587817224,75.68355714495323,49.97793995345666,47.2740767353472
14.28,81.06041362269742,85.9004860001075,80.68621961116763,77.65261962510523,51.27719697204812,48.66310618151033
14.314,77.36343191560647,83.28520878236114,81.81602265500595,79.37264551678514,52.560849110960106,50.00449824166885
14.347,74.59708286838415,80.68483139519996,82.41600675457875,80.46138246806052,53.19411288434146,51.24909977141741
14.381,73.59606166689214,78.10905214664271,83.6563319950671,81.54891137879834,52.97468920153499,51.996957624468266
14.414,73.49136036554282,76.0216700878246,83.86722184179764,82.48836057152342,54.08515838135138,52.818401310047214
14.447,73.42879643439674,74.49534665016446,83.18502612487019,82.98812187426392,55.1620469204558,53.59537129972874
14.481,73.17292751892754,73.65724577082867,83.70455606156784,83.36582855557631,55.065163185254676,54.09623411458766
14.514,71.50180007654748,73.03818921246136,85.5062696129129,83.98388112724312,54.91037700854986,54.439486939429344
14.547,71.86328719059246,72.6916343172014,86.29335132414289,84.5112849930583,54.90122558449667,54.82479421602168
14.581,71.44031723865116,72.28142569182307,87.9853467668673,85.33490997807222,54.59850742971575,54.927464025694555
14.614,70.67530755909209,71.73072791676216,88.45125426609842,86.38815560631788,54.45503831005096,54.78606230361358
14.647,68.96094069504126,70.88833055198488,89.8228042429634,87.61180524259699,53.63477216542923,54.4999840996485
14.681,66.35902985872409,69.85977650842021,92.31948654110201,88.97444862823481,52.61066089403172,54.04004087674487
14.714,64.35677100993352,68.35847327228842,95.88804367606593,90.89338709861941,52.98442518047555,53.656680795940645
14.748,66.10638826700115,67.29168747795842,93.42164500776838,91.98064674679964,53.61072828930468,53.45912496785843
14.781,65.82763990459341,66.3221539470587,92.39621598589565,92.76963909075907,52.627968042249094,53.09371091429806
14.814,66.13845652244548,65.75765711253953,92.14250452725803,93.233579147618,52.6102726543198,52.88881101207617
14.848,66.25564840813277,65.73698082242126,92.67450525929172,93.30458289125595,52.1547289366966,52.79762462060914
14.881,66.2148156909324,66.10858975862104,92.37992104868182,92.60295836577912,51.73437391866156,52.54761436824634
14.914,65.83944386735068,66.05520087869095,92.57621675132079,92.4338727144896,51.12597982316125,52.050664675017664
14.948,66.3629243697947,66.1622577717312,92.31738862110547,92.41810724153156,51.35254180258871,51.79557942708559
14.981,67.71248868703391,66.47706420464888,91.24377170429896,92.23836067693975,51.58519522165753,51.590563940553125
15.015,70.74222176374984,67.37437887577231,87.70871837521307,91.24520330012402,52.4141483685336,51.64244782692053
15.048,74.45216231853304,69.02184820129244,84.54632184766788,89.67848345992122,51.463288138439204,51.58823067087606
15.081,76.78682522542087,71.21132447290647,81.53147772780838,87.46953565521873,50.248240671511155,51.41268284054604
15.115,79.4933852137628,73.8374166417001,78.4322407854003,84.69250608807769,49.296862552745296,51.00154699057735
15.148,82.94244198760381,76.88340730181407,75.7746210930549,81.5986759658289,48.69210628325792,50.422929202897436
15.181,88.22536145688787,80.38003524044169,73.27095821669586,78.71112393412547,48.228654674539754,49.58583046409866
15.215,95.08479949939591,84.50656267661425,70.13908710906443,75.82967698640478,47.923829310234204,48.87793869845767
15.248,98.8231494855892,88.91382752864793,67.24656673628897,72.9726947881009,46.97640782764995,48.22357212968542
15.281,101.7539689260593,93.36594427110722,64.8861104302522,70.26346871707128,45.833263521400625,47.53085232341649
15.315,104.26668107801592,97.63079208918964,64.21468973412993,67.95148244528627,43.41739622693873,46.475910312152656
15.348,106.33939505344685,101.25359880850144,61.51791617214492,65.6008740363761,41.358704040272194,45.101920185299136
15.382,111.24871553324027,104.48638201527032,59.06175318674333,63.385407251911865,39.3781065278096,43.39277562881422
15.415,115.91471117668215,107.90469435348889,56.68767083674456,61.27362807200298,37.62624662720354,41.52274338872494
15.448,121.94739848871535,111.94338026602011,53.01548407042976,58.8995028000385,35.959047172082826,39.54790011886138
15.482,126.81438210646607,116.45292047171014,48.26903092850156,55.71037103891282,33.712786766658446,37.60697822680532
15.515,130.28215267917753,121.24147199685629,44.120373674016975,52.23086253928724,31.58527338946993,35.65229209664487
15.548,133.6238202547273,125.71649294115369,40.43034335232369,48.504580572403306,29.017961509728,33.58026309302855
15.582,138.867560539079,130.30706281363305,36.93996064619509,44.555038534293416,26.333098437363116,31.321633455060464
15.615,145.58820330939798,135.03522377776957,32.45901117745702,40.44374395569887,23.571667538192372,28.84415752828237
15.648,154.05545525709303,140.48343840789497,27.352063051286432,36.260350380255844,20.279701543768137,26.15754048370431
15.682,159.66991771600942,146.36099141526137,21.821762902043687,31.800628225861182,16.389974914110205,23.118480788632365
15.715,167.08321451795408,153.0528702679067,16.935481380672353,27.101655831530916,13.474614031045691,20.009811292895904
15.749,169.40824967797184,159.16100809568528,13.353145300084583,22.384292762308814,10.949905142665052,16.933172633956293
15.782,173.47666436815786,164.73870030743723,9.309619139519684,17.754414354721348,7.834849533516514,13.785809033021119
15.815,175.3593310619816,168.99947546841497,6.754916431212466,13.634985030706556,5.881741574456276,10.906217039158747
15.849,177.0293625193438,172.4713644290818,3.7470224939342356,10.020036949084664,3.4117945678971617,8.310580969916138
15.882,178.03308171345924,174.66133786818287,2.6492302673173644,7.162786726413667,1.9187922014850227,5.999416604004005
15.915,179.25825504549758,176.63133894168803,0.9159626119574976,4.675350188788249,0.36487583704197163,3.882410742879389
15.949,179.69280554409804,177.87456717687604,0.24503131056718805,2.8624326229977504,0.9986934202885668,2.5151795202338
15.982,179.16479928422825,178.6356608213254,1.788608425512972,1.8691710218578514,2.373865169315186,1.813604239205582
16.016,178.94828219445995,179.0194447563486,2.3684675656792513,1.5934600362068547,3.115401410106293,1.754325607647408
16.049,177.05121430342783,178.82307127434234,2.394048854853758,1.5424237537141336,4.245829513312152,2.219733070012834
16.082,173.39164578938312,177.64974942311943,2.194657134372004,1.7981626581970347,5.169564867172861,3.180670876039012
16.116,172.79310610051036,176.2698095344019,2.5113637370789723,2.2514291434993914,5.903691796940041,4.161670551369307
16.149,172.6493282906385,174.96671533568397,2.579609361954192,2.4096293307876353,6.011801400976602,4.88925779770159
16.182,172.00353296718018,173.577765490228,2.255545931464209,2.387045003944627,5.90737108491462,5.447651732663255
16.216,171.91142951999385,172.5498085335412,2.276447679584945,2.3635247688908643,5.879821181700741,5.7744500663409735
16.249,171.22704694201155,172.11688876406689,1.9351148548068324,2.3116163129778298,5.626117027275069,5.865760498361414
16.282,171.71700784077774,171.90166911212037,1.8440732141548504,2.178158208393006,5.54493531577981,5.794009202129368
16.316,170.77089502824748,171.52598245964214,1.5723185137398143,1.9767000387501301,5.168359440027732,5.625320809939594
16.349,170.63129472071404,171.25153481034894,1.43616453134247,1.8128237587257825,5.029523046881248,5.44975120233292
16.383,174.78146718491297,171.82554234333278,2.476052545215429,1.8527447318518793,4.9205705533566855,5.257901076664109
16.416,176.4684198903668,172.87381693300384,2.8651107465399366,2.0387439101985003,4.880289043359209,5.108735479880937
16.449,174.96620950086262,173.5236572650208,2.5101628615732805,2.1719618396821865,4.956869950625757,4.991122406850127
16.483,176.67900372134704,174.7052790036407,2.8465262542162724,2.4268033877774777,4.92485088427438,4.942420695699456
16.516,177.45403066550514,176.0698261925989,3.048236517048499,2.7492177849186836,4.921671547453687,4.920850395813944
16.549,174.59399788166562,176.03233233194945,1.8572596058642075,2.625459197048439,4.174433267461513,4.771622938634909
16.583,173.27658902378758,175.3939661586336,1.4958706038745289,2.351611168515358,4.204348206668428,4.636434771296753
16.616,176.39672683196093,175.68006962485325,2.0267052649439217,2.2549196491894863,4.19342343840084,4.48374546885177
16.649,174.18197394428617,175.1806636694411,1.5626698665635839,1.998148371658948,4.3100095461338475,4.360777201223664
16.683,175.87002104451042,174.86386174524213,1.9904260031345573,1.7865862688761598,4.183746772962272,4.21319224632538
16.716,177.51260724192358,175.44758361729373,2.318404762387507,1.8788153001808197,4.2053206448984755,4.219369721812773
16.75,177.70793739286438,176.3338532911091,2.346794708326112,2.049000121071136,4.150687251742362,4.208637530827559
16.783,178.76955983884775,176.80841989248648,2.393209971341218,2.1223010623505956,4.001503380292819,4.170253519205955
16.816,179.2784569840979,177.8277165004488,2.328981666673657,2.2755634223726102,3.657860922972404,4.039823794573667
16.85,179.23165345440876,178.50004298242845,2.3891976102835906,2.355317743802417,3.1422686557632673,3.831528171133866
16.883,179.01101958196918,178.79972545043762,2.0756314230861417,2.306763075942144,2.56687896228674,3.5038398346115187
16.916,178.68804921289455,178.99574781444363,0.7507631080009031,1.9875567558771021,1.705833201412308,3.0148690245455074
16.95,178.85089707223,179.0120152611201,0.23740221572208794,1.556395204753276,0.21315799733744903,2.2571999479544336
16.983,179.4545214095095,179.04722814620243,1.054271608642785,1.3014531931471016,0.9411234821471809,1.7138524597893892
17.017,179.40992658579222,179.0828827724791,2.6934776232828512,1.3623091957469537,2.874675245367951,1.660333777710326
17.05,177.13484324671236,178.7076475054277,4.976131858080766,1.9424092827458785,5.433624829900085,2.233682951232995
17.083,173.66512585074625,177.70306283299803,8.171291816868985,3.4265150245194946,8.18586789693403,3.529689890337339
17.117,170.48510766416797,176.02990495138565,11.766500975611265,5.73233477649733,11.357398685532724,5.758538027976394
17.15,167.75600247267033,173.69020116401785,14.466707019154983,8.414821858599769,14.214730193139298,8.413259370174817
17.183,164.37503397504608,170.68322264186864,18.17427185895909,11.510980705735017,17.51575489167371,11.341475299435968
17.217,160.52495904178141,167.3612458008824,21.803190635028184,14.876392461124501,20.297893499088442,14.31432903327364
17.25,155.3352231658806,163.6952652639093,26.210150393172576,18.484164176385217,23.141826502830455,17.305520754452925
17.283,147.95146359491977,159.18853645005964,31.455447251171407,22.42195343149725,26.027001151945615,20.239441247735503
17.317,141.826057218491,154.00254739922377,36.27450491779189,26.783513011224624,29.111180531586598,23.218731315424964
17.35,135.01887482240002,148.13131556869456,40.93223794520187,31.335106228473183,32.393490728101995,26.194278482710622
17.384,130.8055508650738,142.18743393335302,44.0088117920075,35.77623045986905,34.732811531831395,29.081262089259212
17.417,125.62619017680497,136.2456273355379,46.99431519655767,39.93306342054606,36.98166700641628,31.849230189976375
17.45,118.26774438723778,130.30888349400152,51.68288143480534,43.97855025727286,39.467081258578574,34.537246211302964
17.484,113.03388361604293,124.5504487735119,55.18066412164221,47.75978209804292,40.85724473891069,36.88645905276779
17.517,109.86383976592884,119.51944176221767,58.838846386694634,51.34110378634146,42.00564637203562,38.80889018155451
17.55,103.2562959155149,114.00959077230588,62.19805533397234,54.978952494734436,43.59733191072606,40.58179425733344
17.584,100.38130933520218,108.96061460398532,64.0269401207229,58.385477479567484,44.97282456644489,42.18002576933917
17.617,96.19720145120309,104.54650601677838,65.19187428916983,61.087276050440394,45.1184659502006,43.310302707663574
17.65,94.4624829310426,100.83222587977832,68.15223240460071,63.681589707032096,46.46445951208982,44.4317456622994
17.684,93.78941186276622,97.61734029914578,70.0654804299575,65.92691651568465,47.79665387847987,45.589947163588256
17.717,91.72044471678063,95.31017005939893,71.78684245476728,67.84467393984364,48.72825449928908,46.61613168130085
17.751,87.77885668907581,92.78967953017369,75.04053760111877,70.04739343592283,49.78599185278361,47.5787651385686
17.784,87.61983208327766,91.07420565658859,76.74871267391987,72.35876111287283,51.09599866275607,48.774271681079696
17.817,84.45393726517413,89.0724965234149,77.76795173124349,74.28190497820138,52.40438311946705,49.962256402555134
17.851,80.09182561134469,86.33297927313059,78.83071251323827,76.03495139485753,53.53516858633138,51.109959344125436
17.884,76.93506718864263,83.37590376750299,79.50853714678779,77.57929033326164,54.56928952902326,52.278166350072276
17.917,74.65149674760197,80.75043177920821,80.37671078453417,78.6465249699447,55.54257648456229,53.429483276428
17.951,73.93834272462632,78.01413390747796,82.66166170135857,79.82911477543246,56.642688498353166,54.53882124354743
17.984,73.55739656351032,75.83482576714519,83.17059672805853,80.90964377479546,56.81786951644089,55.4215185229422
18.018,72.44405282471257,74.30527120981876,84.13446270162694,81.97039381247319,57.32315958023932,56.17911672172378
18.051,71.17777513815804,73.15381279972185,86.26449213822131,83.3215848107599,59.45086350086726,57.155431516092584
18.084,71.65106393183792,72.55372623656903,87.587184227463,84.76367949934567,59.25043030244314,57.897002279668754
18.118,72.50319724943779,72.26669714153134,88.14600128223924,85.86054741552181,59.486263048011246,58.46571718960037
18.151,72.4466885968741,72.04455554820409,89.11520235132122,87.04946854017435,59.74291939633153,59.05072716557849
18.184,71.67685413720113,71.89111581070179,89.6991979404475,88.16241558793845,59.964641987305754,59.57902364699178
18.218,71.01774471587211,71.85910972624461,90.37070496351548,88.9836581529973,59.666295098623436,59.62210996654302
18.251,70.72646108730102,71.67418915733722,90.42763124381305,89.5517475562673,59.637250134437835,59.69947393294196
18.284,71.35891604783282,71.44533291701623,90.37141412409277,89.99683012463801,58.62323367742726,59.526868058825166
18.318,70.81734545317613,71.11946428827665,90.44287469827229,90.26236459402823,58.4165797211562,59.261600123790096
18.351,70.78762953774516,70.94161936838546,90.31981711556976,90.38648842905268,58.42842909787379,58.954357545903704
18.385,71.46994734827103,71.03205989486523,89.03724371155438,90.11979617866045,57.877168561043014,58.59653223838761
18.418,72.87970418539476,71.46270851448398,86.33781168890188,89.30183226767821,56.97738992935866,58.06456019737178
18.451,75.65194189594688,72.3213136841068,83.49754140093891,87.92705772304745,56.14351879729464,57.56861722134526
18.485,79.56610262541402,74.07106511855437,79.25839774387798,85.69016233216858,55.75601681901079,57.03650464091618
18.518,82.97550468540864,76.50864014808707,75.792105430988,82.78461999525223,54.768969548401856,56.30461273102179
18.551,91.05532352307607,80.42571538304807,74.24487424812354,79.82614610256607,53.38059061707445,55.40529714222807
18.585,95.59584628289642,84.96894380254841,70.96170814999948,76.75092539478558,52.18665388931137,54.44714993421862
18.618,98.64971169534509,89.56849776242805,68.33149465279688,73.71771604515718,50.86745354898619,53.391936884556934
18.651,100.24088294912707,93.70345382717065,65.6913088207965,71.00429826054088,49.20208530219128,52.081150581193036
18.685,103.03992969397487,97.7163388288839,62.974433527007236,68.44076387974474,47.65742022534743,50.65884071658215
18.718,105.13382154246689,100.53203843276205,60.466187363528356,65.6850265028257,44.93452828263441,48.96962824969414
18.752,110.22763325376587,103.45839582693597,57.625080525825624,63.01770097799092,42.846878918543304,47.10167325554052
18.785,115.01070692641623,106.7305948731502,54.111823823920794,60.1737668122157,40.05922187400386,44.94002692054406
18.818,119.76042882446478,110.63450404821774,50.526140984392214,57.140733244934836,37.909855644367866,42.68158098897938
18.852,125.83255646900105,115.19302940322295,46.513273607495506,53.848501261032496,35.628882129263054,40.27587336976249
18.885,130.2218633733035,120.21063776939027,42.726586300003966,50.30058104832762,33.34702253681813,37.958372220599244
18.918,134.73739133438542,125.11258938551421,38.44787022454592,46.46513898807168,29.81224683832052,35.35144580455468
18.952,142.3046722807632,130.57138245638356,33.69768078764008,42.38231038081553,27.247319277021887,32.78906528515829
18.985,148.7992368529931,136.37914406208924,29.550777130566402,38.187237610050374,24.496361587118045,30.106366473708327
19.019,157.8548083446405,142.78359443721715,23.208686526754658,33.52632019390221,20.681571091251342,27.116904266105983
19.052,166.72995426324255,150.08521261520497,18.0877330091532,28.598549535732054,18.342048599233202,24.115909478588996
19.085,166.69349303115084,156.47643295455805,14.707087804869314,23.850393051796733,16.48807053983821,21.451074218892536
19.119,170.50183410010283,162.11586531842596,11.541934050810688,19.41924370443085,14.240981526001443,18.84980666868845
19.152,174.55693914196033,167.2674057762194,8.407225329635326,15.190533344244638,11.85863392036891,16.322261135338625
19.185,175.26458436427643,170.7493609801466,6.620021205471429,11.872800279987992,9.736476884740597,14.133242294036473
19.219,176.84942884331477,172.77325589616103,4.91214626791629,9.237682931740611,8.279708150439285,12.120774204277689
19.252,178.155555709127,175.06566843175625,3.398582979963132,6.975981966759372,6.604126525932921,10.14398540149663
19.285,179.0408295713904,176.77346752601377,1.7808447986753542,5.023764116332306,5.081270765075716,8.312043249311484
19.319,179.4308559729413,177.74825089221,0.13989664462218512,3.370298379329678,3.9434135001490813,6.72899916526752
19.352,178.6540362769147,178.42614127473763,1.0093974315977616,2.2481736245549446,2.3687640827653778,5.255456604872476
19.386,177.9249160973743,178.6412387255495,2.220996462295787,1.709943663430844,0.9960744867650797,3.798729872137635
19.419,178.85807568056543,178.7817427198372,2.755896624801648,1.5814063923985473,0.245481267298976,2.527000820410846
19.452,179.83023120935496,178.93962304743013,3.162866906393495,1.8578108139421754,1.0296269654456986,1.7166720604848424
19.486,179.39192698798772,178.9318372504394,3.624173880303196,2.5546662610783777,1.750969014257115,1.2781831633064493
19.519,179.04852192534094,179.0107343801247,3.663775641417556,3.0855419030423366,1.6980247460953863,1.1440352959724511
19.552,179.21791400271385,179.2693339611926,3.5415681356088275,3.349656237704945,1.5373167567097348,1.2522837499613821
19.586,179.101569289305,179.3180326829405,3.6812548667443243,3.53472788609348,1.9612603720705666,1.5954395709157003
19.619,179.4651731177807,179.24502106462563,3.477137264998429,3.5975819578144668,1.7412033951615213,1.7377548568588648
19.652,179.75475462540373,179.31758659210885,3.211583480324809,3.515063877818789,1.4812948400916275,1.6838200220257675
19.686,179.8983972285578,179.4875616527522,2.736504820521228,3.329609713639523,0.992620794788833,1.5427392317644568
19.719,178.83588606205254,179.41115606461995,3.0724601098184334,3.2357881084814446,1.1918943166884395,1.4736547437601977
19.753,179.15435160696083,179.42171252815112,2.8143821876883854,3.062413572670257,0.9950909561664869,1.2804208605793816
19.786,178.7531343065563,179.27930476590623,2.697595814876299,2.906505282645831,0.8384283817517694,1.0998658578974312
19.819,178.45031483644163,179.0184168081138,2.557066257505314,2.775601838081932,0.752922394375478,0.9541913687542014
19.853,178.60273757711562,178.75928487782537,2.1653239029952545,2.6613656545767372,0.31649393806764814,0.8189659974099642
19.886,178.5811370776594,178.70833508094674,1.8810162646448445,2.4230768855420193,0.2346588373718376,0.627518901546644
19.919,178.312859290313,178.54003661761718,1.8714644836190495,2.2344933447281528,0.14710130471690502,0.4579209712567277
19.953,178.83955119599386,178.55731999550468,1.6213636555946351,2.0192469128718193,0.28960387175714614,0.348156069257803
19.986,178.53965617273698,178.5751882627638,1.692445590495486,1.846322779469854,0.2606175400863397,0.24969509839997533
20.02,178.66089270256413,178.5868192878535,1.4463438546858303,1.7025267698079691,0.008977863677504942,0.18819188352194668
20.053,178.2639484647035,178.52338156526227,1.6725224631740594,1.660828009513812,0.10139838175533526,0.1615397923986462
20.086,178.50349174195577,178.56150805559088,1.8742934698411005,1.6613938067582226,0.7066640979359252,0.27345235104245025
20.12,178.4823320105297,178.49006421849805,1.8768033111852709,1.7124817378763493,0.6730997854700014,0.3501515337850213
20.153,179.39946817935854,178.66202661982234,1.7403580557411198,1.7220642309254763,0.615352661752682,0.4210985581182897
20.186,179.48459707744738,178.82676749479896,1.7117912535387427,1.7751537106960587,0.9252130385242676,0.6043455930876422
20.22,179.91768909298895,179.15751562045608,1.89052740564111,1.8187546991894687,0.9042597052454594,0.7649178577856672
20.253,179.93994714170464,179.44480670040585,1.8815746810281246,1.8202109414268737,0.9019256748296162,0.8039701731644053
20.286,179.7700765457297,179.70235560744584,1.6597892013342632,1.7768081194566723,0.6672170636577498,0.802793628801955
20.32,179.25063982357554,179.67258993628923,1.7324134708909567,1.7752192024866396,0.7914379878577544,0.8380106940229695
20.353,178.82382770271235,179.54043606134223,1.6536277599706066,1.763586503773012,0.7953630852174867,0.8120407033616133
20.387,179.10395176194822,179.3776885951341,1.990515221762624,1.783584066997315,1.1087646297090656,0.8529416882543345
20.42,178.76737549483144,179.14317426575946,1.774194144672325,1.7621079597261553,0.834719651635602,0.8395004836155315
20.453,173.95243118488028,177.97964519358956,0.5410851154497291,1.5383671425492484,0.9668078355034831,0.8994186379846785
20.487,176.9677156792207,177.5230603647186,1.336876383102905,1.459259724991638,0.9073835470308232,0.9226077498192922
20.52,177.80594481065916,177.31948378630796,1.5159777489839388,1.4317297227943044,0.9552538393066771,0.9545859006371302
20.553,177.4806131643812,176.99481606679458,1.4820783676061207,1.3300423519630038,0.9379623182751128,0.9204254383503396
20.587,179.32067632753822,177.1054762333359,2.0039031461876085,1.3759841522660605,1.2299059025472665,0.9994626885326726
20.62,178.90787534829033,178.09656506601792,1.8440882524561577,1.6365847796673463,1.0321966070177084,1.0125404428355176
20.653,179.18833345395538,178.54068862096486,1.655675849904675,1.7003446730276999,0.7623813180533308,0.9835399970400192
20.687,179.71691912555494,178.922883483944,1.7795505849073956,1.7530592402123915,0.7290041211376815,0.93829005340622
