frame,time,squat_id,state,phase,knee_angle,hip_angle,trunk_angle
1,0.033,,STANDING,,177.90493422783248,0.7421782220801856,0.5462815360510551
2,0.066,,STANDING,,177.9205009871559,0.6230102273404221,0.3681058046137455
3,0.1,,STANDING,,178.15467096647558,0.47144621473629705,0.27580577077571083
4,0.133,,STANDING,,178.35132126568726,0.3582147409257836,0.27873308013175147
5,0.166,,STANDING,,178.4488379637708,0.3164970853646093,0.32970386438061305
6,0.2,,STANDING,,178.6750030805994,0.2819322133862437,0.40318327518238756
7,0.233,,STANDING,,178.7602510606212,0.28848316678827135,0.5797257751235027
8,0.266,,STANDING,,178.6247137388436,0.45817615442126486,0.8976285819392045
9,0.3,,STANDING,,178.32907248141092,0.712098421132118,1.261625007369908
10,0.333,,STANDING,,178.05503130665406,1.0200082842217533,1.6529834838933373
11,0.367,,STANDING,,177.75827598743086,1.3317750427924229,2.049666840096298
12,0.4,,STANDING,,177.37156086655804,1.599929546150015,2.429529911282033
13,0.433,,STANDING,,177.12129490737,1.8367470396833336,2.736185405185215
14,0.467,,STANDING,,177.0173860734547,2.082634401024195,3.0030464526462732
15,0.5,,STANDING,,176.87357118532105,2.2266552686666117,3.1840939844919998
16,0.533,,STANDING,,176.67693118622762,2.262587029104682,3.274373345897447
17,0.567,,STANDING,,176.70068856703693,2.346999329474042,3.3488987121221436
18,0.6,,STANDING,,176.6818414616152,2.366326547536719,3.3729292140641682
19,0.633,,STANDING,,176.6144571512453,2.3190507383726935,3.34774100148935
20,0.667,,STANDING,,176.61336592555443,2.3046631159764104,3.3378222541701654
21,0.7,,STANDING,,176.66352834761383,2.3141001353825192,3.336541421887707
22,0.734,,STANDING,,176.75665386144243,2.328098863311838,3.3284145676704058
23,0.767,,STANDING,,176.92542755694734,2.3728814764005293,3.323452064786514
24,0.8,,STANDING,,177.10946774252818,2.425279948534133,3.3211488920491625
25,0.834,,STANDING,,177.3445706770621,2.4966555705726274,3.3201745153100317
26,0.867,,STANDING,,177.57653587438423,2.569234412373653,3.320160890928436
27,0.9,,STANDING,,177.74534719217831,2.6206944360402913,3.2970474998913675
28,0.934,,STANDING,,177.99407151437939,2.6965195938615296,3.270863300015094
29,0.967,,STANDING,,178.21094998662903,2.7520497788066764,3.2356586561816143
30,1.001,,STANDING,,178.42781333433604,2.791917316693013,3.170959383227166
31,1.034,,STANDING,,178.66246999213004,2.8358464542137463,3.1069178025407966
32,1.067,,STANDING,,178.91104095807887,2.889334258403374,3.0677246688334816
33,1.101,,STANDING,,179.14405825173742,2.937740810881305,3.024395405870856
34,1.134,,STANDING,,179.4161685648712,3.003903546292806,2.982868813256451
35,1.167,,STANDING,,179.5950305828855,3.0294579768422425,2.9452429332734162
36,1.201,,STANDING,,179.71598211727493,3.0421564933927834,2.901993480442348
37,1.234,,STANDING,,179.83907663927155,3.0687910128615936,2.8651793266837644
38,1.267,,STANDING,,179.81210261258929,3.039846558383247,2.8279543551643864
39,1.301,,STANDING,,179.74861837930638,3.002238115264011,2.8008603272387296
40,1.334,,STANDING,,179.6642895620543,2.9857487041143935,2.8015854394417077
41,1.368,,STANDING,,179.59870618335745,2.967804240225631,2.806438193732323
42,1.401,,STANDING,,179.5430774692498,2.9482132055068657,2.815809576562882
43,1.434,,STANDING,,179.47019140530054,2.8948350114679267,2.7982438851174973
44,1.468,,STANDING,,179.4353113522083,2.8654372677774496,2.7920087451783178
45,1.501,,STANDING,,179.35230600341168,2.817750827267051,2.7866991343839245
46,1.534,,STANDING,,179.29118901178637,2.779239187149769,2.792347739963742
47,1.568,,STANDING,,179.19458812558037,2.726705505710196,2.799860040782091
48,1.601,,STANDING,,179.10930408591784,2.6919844632435073,2.8229491263997866
49,1.634,,STANDING,,178.99112577477658,2.6483131026887214,2.844682132620864
50,1.668,,STANDING,,178.95729768267984,2.6245480981446367,2.8587209290321485
51,1.701,,STANDING,,178.91948823761632,2.6099481747255058,2.8769978766553814
52,1.735,,STANDING,,178.88834751284148,2.5918636978635616,2.8954356115599653
53,1.768,,STANDING,,178.88988617176102,2.60934316619755,2.94507514860506
54,1.801,,STANDING,,178.90932744771578,2.627412915258146,2.991286901720997
55,1.835,,STANDING,,178.94037938044474,2.656255369846816,3.044655949465023
56,1.868,,STANDING,,178.99724397933645,2.683386272999755,3.0918543916829484
57,1.901,,STANDING,,178.98560157719584,2.7032538336785934,3.141004687392646
58,1.935,,STANDING,,178.9443001521117,2.71665268126027,3.1910430885820302
59,1.968,,STANDING,,178.8131901915318,2.7052610014711362,3.2468865294629055
60,2.002,,STANDING,,178.67554674762513,2.6869046333435307,3.3012664172068305
61,2.035,,STANDING,,178.51112785504876,2.665926909561964,3.354200084018978
62,2.068,,STANDING,,178.4642393106192,2.668694371362762,3.402501697268869
63,2.102,,STANDING,,178.45497601515146,2.6950564072411725,3.4574823541085564
64,2.135,,STANDING,,178.51990257065626,2.7357460495123798,3.498947085986989
65,2.168,,STANDING,,178.59615201210946,2.7907958146693916,3.5402183497699427
66,2.202,,STANDING,,178.67966779789674,2.8478416300317786,3.580207682075835
67,2.235,,STANDING,,178.75683818829188,2.8878091283163347,3.60333715580533
68,2.268,,STANDING,,178.80435183063577,2.9066987282046313,3.6050637338728775
69,2.302,,STANDING,,178.86479722715745,2.92831382243672,3.6005990027118195
70,2.335,,STANDING,,178.91930154783137,2.9355925571030346,3.5820591705309823
71,2.369,,STANDING,,178.9610500151859,2.9328208190579046,3.5480783797502853
72,2.402,,STANDING,,178.98561107256782,2.897437971308021,3.474062933653502
73,2.435,,STANDING,,179.06150543352788,2.840836029395862,3.3606477646527666
74,2.469,,STANDING,,179.1267906752594,2.7611536052771264,3.2274095290179843
75,2.502,,STANDING,,179.15284412935864,2.650038809720912,3.0728509666340664
76,2.535,,STANDING,,179.16197071673508,2.520706916816195,2.9121810609865717
77,2.569,,STANDING,,179.26320379555264,2.450280957034166,2.7915960083651097
78,2.602,,STANDING,,179.380760475427,2.40600773731087,2.710669508589307
79,2.635,,STANDING,,179.4681984749342,2.3669878477921795,2.637101176386886
80,2.669,,STANDING,,179.5508862246011,2.3388515737626348,2.5800787880796845
81,2.702,,STANDING,,179.6617951464611,2.3371316797142265,2.5489701088108676
82,2.736,,STANDING,,179.72905462194655,2.3586843399412927,2.542454328711083
83,2.769,,STANDING,,179.6770515590299,2.3701231625798647,2.5454765484703934
84,2.802,,STANDING,,179.65921193097577,2.373557741956507,2.550394790246794
85,2.836,,STANDING,,179.683903391642,2.4017146311754303,2.5810239115438027
86,2.869,,STANDING,,179.70325027695844,2.4287815232892767,2.6213984699050172
87,2.902,,STANDING,,179.68398823271576,2.419637397141506,2.6581818588030406
88,2.936,,STANDING,,179.720037554183,2.4124168237016734,2.701938614095593
89,2.969,,STANDING,,179.71104912231445,2.4400464882005437,2.7638312025178067
90,3.003,,STANDING,,179.69077844506756,2.476135340743264,2.8330747858357275
91,3.036,,STANDING,,179.64150986125455,2.5224144008650695,2.8944117687971223
92,3.069,,STANDING,,179.56342994169552,2.5912585578991063,2.966232778811018
93,3.103,,STANDING,,179.4925208043225,2.66604074661499,3.04327673789807
94,3.136,,STANDING,,179.45829404363,2.7413694172285714,3.129080163387063
95,3.169,,STANDING,,179.4592793474303,2.794428765443985,3.1920622855673555
96,3.203,,STANDING,,179.4702884304949,2.841075476397145,3.265156030352236
97,3.236,,STANDING,,179.51796995134183,2.8552577971447226,3.3069917388102406
98,3.269,,STANDING,,179.59317826709778,2.8148968729884003,3.2973283479776327
99,3.303,,STANDING,,179.65839373718228,2.7363801901050553,3.2479537008340413
100,3.336,,STANDING,,179.69608412061785,2.6506396282579727,3.184182344635599
101,3.37,,STANDING,,179.76152203221824,2.526015409373617,3.0779077208032226
102,3.403,,STANDING,,179.8015425786378,2.4132821003705844,2.9835468805561054
103,3.436,,STANDING,,179.80523944351623,2.323336896363285,2.902051041986065
104,3.47,,STANDING,,179.83097156598947,2.245684196602415,2.83389159137806
105,3.503,,STANDING,,179.8581909986408,2.1775422346455837,2.774322303039278
106,3.536,,STANDING,,179.8663744820476,2.1352994640653344,2.73097031564957
107,3.57,,STANDING,,179.85003704173488,2.0959447272769074,2.687433450789636
108,3.603,,STANDING,,179.82759311028732,2.07602963956219,2.661459861184506
109,3.636,,STANDING,,178.834932392673,1.766338304313095,2.645349411378677
110,3.67,,STANDING,,178.05773889176223,1.5145225230638633,2.623504298664312
111,3.703,,STANDING,,177.38929529881386,1.2867245734073631,2.5994524947211146
112,3.737,,STANDING,,176.90527369027777,1.0977299191565137,2.5743791957829565
113,3.77,,STANDING,,176.6306066491251,0.9736898218252721,2.5605525862339205
114,3.803,,STANDING,,177.35782672029896,1.171401342591975,2.5663874860125153
115,3.837,,STANDING,,177.88407164193174,1.2944196032689144,2.544665354352093
116,3.87,,STANDING,,178.29969848910827,1.3786133985162237,2.519012142488878
117,3.903,,STANDING,,178.57241034963195,1.4223998365196118,2.4951217365371208
118,3.937,,STANDING,,178.62804608133965,1.3899657691059182,2.4502467849982446
119,3.97,,STANDING,,178.65863223106732,1.33986533270508,2.38592982780287
120,4.004,,STANDING,,178.62986430657094,1.282392987048402,2.338248478253042
121,4.037,,STANDING,,178.56169123818157,1.2141336261529136,2.2955557744916013
122,4.07,,STANDING,,178.48014368499375,1.135452717994363,2.2462674915406793
123,4.104,,STANDING,,178.4262695222254,1.0743205478561295,2.2036265959317687
124,4.137,,STANDING,,178.3535608809447,1.0073890169993385,2.158090177187869
125,4.17,,STANDING,,178.28169525103823,0.9663656338291169,2.1480487923884874
126,4.204,,STANDING,,178.23321599214182,0.9424895747966595,2.139314340749287
127,4.237,,STANDING,,178.18358922386665,0.9103931235147918,2.1235773097476898
128,4.27,,STANDING,,178.16248300028812,0.8730073889268504,2.0973189202252867
129,4.304,,STANDING,,178.0742974423528,0.8119014623326641,2.0722187290021647
130,4.337,,STANDING,,177.97323944541807,0.7401460461757394,2.031177084920353
131,4.371,,STANDING,,177.9523129755367,0.6977085191328433,1.9951358508665518
132,4.404,,STANDING,,178.00015186315508,0.6786885260769504,1.9601032324523093
133,4.437,,STANDING,,178.08220052635724,0.715690579977975,1.9666095142719615
134,4.471,,STANDING,,178.25310901751186,0.77839471782383,1.9703430728648432
135,4.504,,STANDING,,178.46616574136326,0.8604670118507446,1.9795622756387687
136,4.537,,STANDING,,178.64014591671864,0.920217964743115,1.9720069496890986
137,4.571,,STANDING,,178.7054147072511,0.939565671157131,1.9601830345779585
138,4.604,,STANDING,,178.69610792910063,0.9093745548260012,1.9216086092103644
139,4.637,,STANDING,,178.64414898871294,0.8561386737695613,1.8703848787729433
140,4.671,,STANDING,,178.4958788529962,0.781924599111222,1.830707391014514
141,4.704,,STANDING,,178.32419691788988,0.7149158243771774,1.8099915173888426
142,4.738,,STANDING,,178.15840592828818,0.6407422380390415,1.7736895696637898
143,4.771,,STANDING,,177.9652600150842,0.603914468378246,1.783904258654233
144,4.804,,STANDING,,177.34321822950625,0.48394707821866045,1.8446689451630216
145,4.838,,STANDING,,177.04238355765966,0.45092201790230896,1.8849177195866957
146,4.871,,STANDING,,176.80094296416922,0.40580515437707404,1.917410375275082
147,4.904,,STANDING,,176.60366605410118,0.3976585380628656,1.9774738906702454
148,4.938,,STANDING,,176.4269195935255,0.3375807570542421,1.976161760561793
149,4.971,,STANDING,,176.70918672472155,0.3904839846158301,1.9543866566250059
150,5.005,,STANDING,,176.87628096386143,0.4191074617426927,1.9619989927736907
151,5.038,,STANDING,,177.01699145005765,0.4858678642214006,2.0006562016337117
152,5.071,,STANDING,,176.64850537909192,0.45306861689717204,2.088384327803939
153,5.105,,STANDING,,176.36847803603354,0.4986667917346315,2.258189066470692
154,5.138,,STANDING,,176.40238078403087,0.6704891962191407,2.4717102467006558
155,5.171,,STANDING,,176.34479723219823,0.8399592303780283,2.732232290643224
156,5.205,,STANDING,,176.2822111066602,1.0008792462888219,2.98742372284549
157,5.238,,STANDING,,176.7276410515451,1.3002586955546007,3.2659286739184545
158,5.271,,STANDING,,177.11076678210333,1.581693951063913,3.5467465451975215
159,5.305,,STANDING,,177.1657189910435,1.7398878388249017,3.796534946985271
160,5.338,,STANDING,,177.1339503968084,1.7308008442271337,3.886201143725143
161,5.372,,STANDING,,177.09399108181645,1.674445101653578,3.9254554235902708
162,5.405,,STANDING,,177.00174452367062,1.4828901210619254,3.804622697186738
163,5.438,,STANDING,,176.76862497337908,1.0935361846520348,3.470692017782844
164,5.472,,STANDING,,176.33864535908484,0.9152380338160666,2.927814556196604
165,5.505,,STANDING,,175.6782166531285,1.1985235478323275,2.172092901375115
166,5.538,,STANDING,,174.53068678664772,2.022089233095144,1.9062865721012918
167,5.572,,STANDING,,172.80646845808766,3.6084176155933454,2.30003943501418
168,5.605,,STANDING,,170.64609727260097,5.97683053271669,3.454283294928726
169,5.638,,STANDING,,167.87091517150822,8.949595526039072,5.571148923675515
170,5.672,,STANDING,,164.73173655435465,12.292689585960538,8.68692393262253
171,5.705,,STANDING,,160.67488915546772,16.09973724941234,11.959242207922212
172,5.739,1.0,DESCENDING,START,155.82525544270175,20.207131604607916,15.174522528141376
173,5.772,1.0,DESCENDING,START,150.68221221504214,24.382876434287034,18.176535197800387
174,5.805,1.0,DESCENDING,START,145.36125190935985,28.600717908803876,20.82989802298706
175,5.839,1.0,DESCENDING,START,139.92834611178225,32.805023804266355,23.17877039851088
176,5.872,1.0,DESCENDING,START,135.1660444443263,36.475695051849456,25.179210095769015
177,5.905,1.0,DESCENDING,START,130.999313030187,39.55392075884569,26.957603384158592
178,5.939,1.0,DESCENDING,START,126.92160688030287,42.295042401376406,28.54587368072304
179,5.972,1.0,DESCENDING,START,123.14240808814603,44.68636956017603,29.963531224409554
180,6.006,1.0,DESCENDING,START,119.71794019912883,46.82972385534525,31.204783283354004
181,6.039,1.0,DESCENDING,START,116.20738631411102,49.04106231604354,32.24780194874377
182,6.072,1.0,DESCENDING,START,113.3041934275549,51.17300581466709,33.253947354436455
183,6.106,1.0,DESCENDING,START,110.52279311920115,53.398422989246306,34.241652168419826
184,6.139,1.0,DESCENDING,START,108.54851368299119,55.29847998064811,35.276275293137
185,6.172,1.0,DESCENDING,START,106.46622527490908,57.37345639074581,36.22977208830319
186,6.206,1.0,DESCENDING,START,104.81559848473364,59.41535024633227,37.32837227536798
187,6.239,1.0,DESCENDING,START,103.8804828548236,61.213204881328025,38.389597007728206
188,6.272,1.0,DESCENDING,START,103.30274826206157,62.8496797094572,39.44498900054348
189,6.306,1.0,DESCENDING,START,102.84510201092102,64.51765404691363,40.30617842274584
190,6.339,1.0,DESCENDING,START,102.95325268636186,65.54376104823632,41.15128369097217
191,6.373,1.0,DESCENDING,START,103.83406114687594,66.18279566918784,41.93415217087551
192,6.406,1.0,DESCENDING,START,107.41728978619699,66.97795864871586,42.64698103382271
193,6.439,1.0,DESCENDING,START,110.39338191554987,68.1202322386619,43.23473651037268
194,6.473,1.0,DESCENDING,START,112.57509928416316,69.55226400763635,43.720739747938396
195,6.506,1.0,DESCENDING,START,113.11876476052745,71.21317676832874,44.171595405621716
196,6.539,1.0,DESCENDING,START,111.78532011802956,72.94407810523401,44.515265537393034
197,6.573,1.0,DESCENDING,START,106.36575412033139,74.55528343275375,44.75378937853037
198,6.606,1.0,DESCENDING,START,101.36884850362318,75.56854136082677,44.99817204510855
199,6.639,1.0,DESCENDING,START,96.5679446705345,76.17783514775712,45.28202892755242
200,6.673,1.0,DESCENDING,START,93.17947675918322,76.45546835397656,45.512236743552826
201,6.706,1.0,DESCENDING,START,91.13739190767302,76.56512161936456,45.643518388082164
202,6.74,1.0,DESCENDING,START,90.26198623604218,76.3812019969546,45.74643860610809
203,6.773,1.0,BOTTOM,BOTTOM,89.98081430218342,76.11573104728326,45.77283895260829
204,6.806,1.0,ASCENDING,ASCENT,90.30087500409088,75.78005339748229,45.70384022103884
205,6.84,1.0,ASCENDING,ASCENT,90.82462171436416,75.4967314317299,45.384432370410956
206,6.873,1.0,ASCENDING,ASCENT,92.37325567560053,74.51755186027856,44.965547587017
207,6.906,1.0,ASCENDING,ASCENT,95.31181637461118,73.21792026731381,44.42159691124604
208,6.94,1.0,ASCENDING,ASCENT,98.47874108663271,71.39299559479306,43.72310470146603
209,6.973,1.0,ASCENDING,ASCENT,102.712074720743,68.70070675464788,42.70525120109413
210,7.007,1.0,ASCENDING,ASCENT,106.85400714163616,65.76572391318454,41.534519652792724
211,7.04,1.0,ASCENDING,ASCENT,110.76089939188232,62.51459135652605,40.261380945248426
212,7.073,1.0,ASCENDING,ASCENT,112.9217352544063,59.49201408093345,38.80332729787326
213,7.107,1.0,ASCENDING,ASCENT,114.79807302605181,56.43096608405392,37.06750408797764
214,7.14,1.0,ASCENDING,ASCENT,115.13043897276273,53.852396920979004,35.28715255048279
215,7.173,1.0,ASCENDING,ASCENT,116.05078997970858,50.92893842630529,33.51650877713446
216,7.207,1.0,ASCENDING,ASCENT,116.75135548034216,48.474248153662565,31.580809810333015
217,7.24,1.0,ASCENDING,ASCENT,117.93489669024439,45.91413833227297,29.626150816119765
218,7.273,1.0,ASCENDING,ASCENT,119.47931464581083,43.47345678525299,27.648658196377284
219,7.307,1.0,ASCENDING,ASCENT,121.76355520180694,40.83225284252587,25.542637926583684
220,7.34,1.0,ASCENDING,ASCENT,123.94037299627853,38.415976809978,23.33188854834924
221,7.374,1.0,ASCENDING,ASCENT,126.68654815348422,35.75420887977275,21.06682679868649
222,7.407,1.0,ASCENDING,ASCENT,129.4765222751648,33.001833266470996,18.61789291940332
223,7.44,1.0,ASCENDING,ASCENT,132.4336161062355,30.195635793385343,16.251035064040426
224,7.474,1.0,ASCENDING,ASCENT,135.9780165922201,27.20461832305063,13.989588245129974
225,7.507,1.0,ASCENDING,ASCENT,139.59353873965026,24.189192066404864,11.878188439651941
226,7.54,1.0,ASCENDING,ASCENT,143.05600528387336,21.44212784709905,9.95437401669942
227,7.574,1.0,ASCENDING,ASCENT,147.15011494928035,18.516574140994027,8.181426610457663
228,7.607,1.0,ASCENDING,ASCENT,151.51171509562005,15.480379573668483,6.405408792843477
229,7.64,1.0,ASCENDING,ASCENT,155.73722931336215,12.618473438764356,4.79310134270536
230,7.674,1.0,ASCENDING,ASCENT,160.0877345003143,9.693646332926829,3.220988570230852
231,7.707,1.0,ASCENDING,ASCENT,164.11416396416524,6.953515076618096,2.177724291707064
232,7.741,,STANDING,END,167.48916350030564,4.613833893065743,1.6814547984845496
233,7.774,,STANDING,END,170.09729232740796,2.8030860537089834,1.6788058933714598
234,7.807,,STANDING,END,171.79742431014068,1.5401539937965119,2.107135828372282
235,7.841,,STANDING,END,173.02012550829457,0.932781636891068,2.9609884085095706
236,7.874,,STANDING,END,173.73335189702394,0.7124633720639716,3.6592338303382896
237,7.907,,STANDING,END,173.97671358890983,0.7722659480402498,4.187645316288546
238,7.941,,STANDING,END,174.13496946248364,1.0081124603944331,4.694466065408932
239,7.974,,STANDING,END,174.28686525048658,1.316686026672003,5.109874458510273
240,8.008,,STANDING,END,174.38554452268278,1.5622666608936573,5.4332879839281105
241,8.041,,STANDING,END,174.57935526390997,1.8191393141035512,5.701346599754771
242,8.074,,STANDING,END,174.86818749803282,2.0695010143845005,5.929557502605227
243,8.108,,STANDING,END,175.12391584337692,2.2488493074692903,6.066895735165938
244,8.141,,STANDING,END,175.31582345450175,2.3436504892702374,6.1216898101976795
245,8.174,,STANDING,END,175.42551025515786,2.3598170912312293,6.121397058673918
246,8.208,,STANDING,END,175.39798407564012,2.3245666574563826,6.110442425497647
247,8.241,,STANDING,END,175.29983862095187,2.286161376589974,6.1105777832127215
248,8.274,,STANDING,END,175.19744822258463,2.2419200004371658,6.10037022085437
249,8.308,,STANDING,END,175.08547735089115,2.220891556313658,6.127935096740009
250,8.341,,STANDING,END,174.94327874247148,2.182958725941874,6.147178183436763
251,8.375,,STANDING,END,174.77507931954622,2.079625537441653,6.096139026705783
252,8.408,,STANDING,END,174.32890635164077,1.8467144724327138,5.977305428054952
253,8.441,,STANDING,END,173.74148125458703,1.5150297720354524,5.774783981346534
254,8.475,,STANDING,END,173.01678485461,1.1683693850248456,5.364717533931902
255,8.508,,STANDING,END,172.21881437060293,1.0080700967503842,4.783157956362282
256,8.541,,STANDING,END,171.1912884195368,1.190531760538962,3.9666286893580507
257,8.575,,STANDING,END,170.03596687619589,1.9122033871862698,2.8833385309734436
258,8.608,,STANDING,END,168.6579408622234,3.231168228939925,2.3448725590248674
259,8.641,,STANDING,END,166.9206943488634,5.164414952598146,2.477066173669912
260,8.675,,STANDING,END,164.5521037696364,7.547702831239688,3.232426538139923
261,8.708,,STANDING,END,161.47908960092548,10.35361455041316,4.702057698929062
262,8.742,2.0,DESCENDING,START,157.83326886623863,13.527086883768646,7.030190754614274
263,8.775,2.0,DESCENDING,START,153.6975222336902,16.95094244154754,9.426568672230548
264,8.808,2.0,DESCENDING,START,149.30557917260853,20.507289942520952,11.837886509020896
265,8.842,2.0,DESCENDING,START,145.11665381749697,24.138814068330134,14.351307097918141
266,8.875,2.0,DESCENDING,START,141.1251502942389,27.778502386520508,16.86377898399471
267,8.908,2.0,DESCENDING,START,137.74737254522876,31.167807945711466,19.269752494909966
268,8.942,2.0,DESCENDING,START,134.58722878814757,34.425256584371155,21.589827278367135
269,8.975,2.0,DESCENDING,START,131.57795666299305,37.482560159300164,23.71706382557351
270,9.009,2.0,DESCENDING,START,128.2320020499004,40.251072234472545,25.581123970856417
271,9.042,2.0,DESCENDING,START,125.45103368186196,42.62518148942415,27.47979984887963
272,9.075,2.0,DESCENDING,START,122.63016230781702,44.886396955250504,29.273829752604126
273,9.109,2.0,DESCENDING,START,119.8364845121545,47.22081620487944,30.942205637208595
274,9.142,2.0,DESCENDING,START,117.28802087573399,49.63456613384267,32.70177061180708
275,9.175,2.0,DESCENDING,START,115.42927150204844,51.94443216745824,34.512067172341986
276,9.209,2.0,DESCENDING,START,113.36965482799796,54.47817477705888,35.8971398330467
277,9.242,2.0,DESCENDING,START,111.05634629372848,57.30210222184941,37.08808267557883
278,9.275,2.0,DESCENDING,START,108.78936363300647,60.092271071018104,38.10521858703211
279,9.309,2.0,DESCENDING,START,107.13004502551185,62.52318808451035,38.97191404799544
280,9.342,2.0,DESCENDING,START,105.35953925319419,64.92622776573387,39.59309910474842
281,9.376,2.0,DESCENDING,START,105.72525591136953,66.46602106788055,40.341409475957576
282,9.409,2.0,DESCENDING,START,106.24410189869222,67.70272514870116,41.16446825236103
283,9.442,2.0,DESCENDING,START,106.7242065152248,68.71387703630988,42.02298460679127
284,9.476,2.0,DESCENDING,START,106.41821889544096,69.58619367999756,42.802309444382516
285,9.509,2.0,DESCENDING,START,106.1173380619437,70.44680887312207,43.55639062133758
286,9.542,2.0,DESCENDING,START,103.12398112963004,72.28448731831118,44.42850081285325
287,9.576,2.0,DESCENDING,START,99.69514849189689,74.0302551650493,45.04553145805353
288,9.609,2.0,DESCENDING,START,98.27870255816723,74.98111969493392,45.62782825895097
289,9.642,2.0,DESCENDING,START,95.93007617026822,76.58989056523154,46.02146068080218
290,9.676,2.0,DESCENDING,START,93.1509847929904,78.48617570529832,46.844873007133515
291,9.709,2.0,DESCENDING,START,90.67065284017595,80.10891613928271,47.48012455178734
292,9.743,2.0,BOTTOM,BOTTOM,88.10840244337652,81.42451505792869,48.21763979985532
293,9.776,2.0,BOTTOM,BOTTOM,84.02526654027665,83.48495310837151,48.97707239889145
294,9.809,2.0,BOTTOM,BOTTOM,81.34677562537912,84.6283307416746,49.774342354517735
295,9.843,2.0,BOTTOM,BOTTOM,79.45871934417816,85.21339700849938,50.12271165145993
296,9.876,2.0,BOTTOM,BOTTOM,78.35809105608777,85.48020419117526,50.38838131182608
297,9.909,2.0,BOTTOM,BOTTOM,78.35092060101611,85.72765388948973,50.61860842443059
298,9.943,2.0,ASCENDING,ASCENT,78.5269269776585,85.58894715553583,50.66585237740768
299,9.976,2.0,ASCENDING,ASCENT,78.8814651016635,85.62449196901125,50.739909272914396
300,10.01,2.0,ASCENDING,ASCENT,79.55274950130179,85.68823639556943,50.73705143891197
301,10.043,2.0,ASCENDING,ASCENT,80.57596824640925,85.17374014475962,50.68200936931962
302,10.076,2.0,ASCENDING,ASCENT,81.68397741146165,84.75678091239062,50.606198077688816
303,10.11,2.0,ASCENDING,ASCENT,82.80702496135612,84.24673734879525,50.479096829681374
304,10.143,2.0,ASCENDING,ASCENT,83.92727665374892,83.68633566650762,50.242059907124656
305,10.176,2.0,ASCENDING,ASCENT,85.33673643097445,82.968664001214,49.95571136657715
306,10.21,2.0,ASCENDING,ASCENT,86.7183973178031,82.43623198698512,49.565884233652504
307,10.243,2.0,ASCENDING,ASCENT,88.90513662422501,80.98822960163025,49.06396978141295
308,10.276,2.0,ASCENDING,ASCENT,90.76243373973055,79.70151537904454,48.50166847865497
309,10.31,2.0,ASCENDING,ASCENT,92.43726338217701,78.43508760426452,47.8243857960196
310,10.343,2.0,ASCENDING,ASCENT,93.90824925172902,76.87743960971822,47.15782572866982
311,10.377,2.0,ASCENDING,ASCENT,94.90482837617711,75.493402246525,46.46506541911184
312,10.41,2.0,ASCENDING,ASCENT,95.71523072747125,74.36989677545057,45.73888134483863
313,10.443,2.0,ASCENDING,ASCENT,97.10396668895088,72.51680552493569,44.79636054665274
314,10.477,2.0,ASCENDING,ASCENT,99.19068624512514,69.94908166845129,43.65152762911088
315,10.51,2.0,ASCENDING,ASCENT,101.39719444262096,67.06589267168255,42.10467098532921
316,10.543,2.0,ASCENDING,ASCENT,103.46355668657012,64.358786109542,40.645045702945765
317,10.577,2.0,ASCENDING,ASCENT,105.33085100236144,61.73524679277041,39.09384878918599
318,10.61,2.0,ASCENDING,ASCENT,107.948279280615,58.9349150439197,37.50336044293764
319,10.643,2.0,ASCENDING,ASCENT,110.06729872294655,56.315323903032024,35.79488976893655
320,10.677,2.0,ASCENDING,ASCENT,111.94087643670693,53.86828461446345,34.26782029220012
321,10.71,2.0,ASCENDING,ASCENT,114.55287735748831,50.74078265664432,32.39917668962061
322,10.744,2.0,ASCENDING,ASCENT,117.04169269104038,47.63189698692348,30.32792453275739
323,10.777,2.0,ASCENDING,ASCENT,118.95952404922814,44.874104155828434,28.274117936570367
324,10.81,2.0,ASCENDING,ASCENT,121.54231717717118,42.08120023790575,26.237102462416054
325,10.844,2.0,ASCENDING,ASCENT,124.5755279937936,39.16053846287364,24.070436551501793
326,10.877,2.0,ASCENDING,ASCENT,127.54863770214372,36.43652158165561,21.86497765764873
327,10.91,2.0,ASCENDING,ASCENT,131.09164253526922,33.47341885098064,19.6948223808801
328,10.944,2.0,ASCENDING,ASCENT,135.0249955876358,30.362140670405314,17.385288377299926
329,10.977,2.0,ASCENDING,ASCENT,138.61618762487345,27.402264890241888,15.234867188097093
330,11.011,2.0,ASCENDING,ASCENT,142.0822162143649,24.646338896104936,13.18565507229446
331,11.044,2.0,ASCENDING,ASCENT,145.96401098117934,21.781809674677596,11.271182493551734
332,11.077,2.0,ASCENDING,ASCENT,149.16317871067378,19.254994998459683,9.429472839945454
333,11.111,2.0,ASCENDING,ASCENT,152.60290279774313,16.55870229024986,7.557585109788986
334,11.144,2.0,ASCENDING,ASCENT,156.12054788902566,13.887584288287991,5.733995246667365
335,11.177,2.0,ASCENDING,ASCENT,159.65405495241288,11.1669363683943,3.884007020685666
336,11.211,2.0,ASCENDING,ASCENT,162.639380215759,8.705836572036786,2.5118194260620585
337,11.244,,STANDING,END,166.0303490330371,6.242095114068503,1.679506235181703
338,11.277,,STANDING,END,168.4569669891907,4.377611546653848,1.626652248905866
339,11.311,,STANDING,END,170.7199717083244,2.6822998026614973,2.012380523637383
340,11.344,,STANDING,END,172.30868189425007,1.6702553906392912,2.9223105743214686
341,11.378,,STANDING,END,173.4806461662682,0.9749760968954307,3.7442487521966754
342,11.411,,STANDING,END,173.96144963771772,0.7360320975963893,4.450216913345734
343,11.444,,STANDING,END,174.28481458962207,0.7412138378494547,4.9822519004849
344,11.478,,STANDING,END,174.25635962099267,0.9892171339075213,5.399235533637473
345,11.511,,STANDING,END,174.18928105413409,1.0771919459185395,5.611786117153121
346,11.544,,STANDING,END,174.18517589289272,1.163111462019203,5.769007979627983
347,11.578,,STANDING,END,174.20783269213416,1.189903414609562,5.859378816762385
348,11.611,,STANDING,END,174.2175132364064,1.2005006253942632,5.896082749817925
349,11.644,,STANDING,END,174.2496676059878,1.1892678826698904,5.886943700091214
350,11.678,,STANDING,END,174.3345833382929,1.2006588608989428,5.8974831536332
351,11.711,,STANDING,END,174.37760176748998,1.2243303511893244,5.947170222337138
352,11.745,,STANDING,END,174.4922568264903,1.2497777609724812,5.972817355615851
353,11.778,,STANDING,END,174.48124212790466,1.2299159977989251,5.984260895783898
354,11.811,,STANDING,END,174.4418076025663,1.197185806681634,5.988005804135256
355,11.845,,STANDING,END,174.35230781516725,1.1329961962805153,5.9467485427347135
356,11.878,,STANDING,END,174.28862662008464,1.0394695191910377,5.848273331436525
357,11.911,,STANDING,END,174.05444090094502,0.8878183452000918,5.718764878069026
358,11.945,,STANDING,END,173.83107848143345,0.6744020696084394,5.49354495247157
359,11.978,,STANDING,END,173.58967098576574,0.5815924353593873,5.104901944217086
360,12.012,,STANDING,END,173.31591901726924,0.6765814222099816,4.574382906124349
361,12.045,,STANDING,END,172.79370552955714,1.094406482848713,3.7068324739898544
362,12.078,,STANDING,END,172.10150497942448,1.8014369381872235,2.6666760143128587
363,12.112,,STANDING,END,171.08393179073934,3.0800394179028103,2.1567845857629147
364,12.145,,STANDING,END,169.41255635185308,4.913815940952905,2.3375071972351007
365,12.178,,STANDING,END,166.84306574157222,7.33884508069769,3.295267618640357
366,12.212,,STANDING,END,163.6605516946619,10.193656478571459,5.1501173374423725
367,12.245,3.0,DESCENDING,START,159.87597073734455,13.448841207118686,7.648141803882152
368,12.278,3.0,DESCENDING,START,155.8778426406626,17.115385064841483,10.518928785195891
369,12.312,3.0,DESCENDING,START,151.71617654061555,21.08123567902536,13.673404185047797
370,12.345,3.0,DESCENDING,START,147.59081328205613,25.332708906535224,16.9619156202541
371,12.379,3.0,DESCENDING,START,143.820969519064,29.552492237654253,20.259459521403677
372,12.412,3.0,DESCENDING,START,140.2875807905416,33.64683746050337,23.714691417879564
373,12.445,3.0,DESCENDING,START,136.65250414096562,37.58258941058216,26.987267697101522
374,12.479,3.0,DESCENDING,START,132.92895493324647,41.233345055832196,29.885873017338582
375,12.512,3.0,DESCENDING,START,129.56029134136068,44.497733010310796,32.52402774908059
376,12.545,3.0,DESCENDING,START,128.56473266290433,47.35817285573245,35.033438152134366
377,12.579,3.0,DESCENDING,START,126.71017462455839,50.66515740400801,37.49507054358162
378,12.612,3.0,DESCENDING,START,127.35178891001632,53.65745778704195,39.65818760887295
379,12.645,3.0,DESCENDING,START,127.27999899770718,56.97135697111899,41.74842751775968
380,12.679,3.0,DESCENDING,START,126.62531066761372,60.235861833388356,43.70434242903493
381,12.712,3.0,DESCENDING,START,122.76495081170488,64.14834344258392,45.523480911505466
382,12.746,3.0,DESCENDING,START,120.05039042238654,67.41150750233476,47.00569442827963
383,12.779,3.0,DESCENDING,START,115.12259048735469,70.80766499645145,48.399981789814284
384,12.812,3.0,DESCENDING,START,110.32777733959536,73.58497505867527,49.69811530663687
385,12.846,3.0,DESCENDING,START,105.60699173296993,76.20386578719197,51.00601892866214
386,12.879,3.0,DESCENDING,START,101.84709621605029,78.24134703840153,52.39024357792338
387,12.912,3.0,DESCENDING,START,97.8523905264049,80.30784314620567,53.93165270522295
388,12.946,3.0,DESCENDING,START,94.28660716497201,82.25879443796121,55.50034587674638
389,12.979,3.0,DESCENDING,START,92.27820237760201,83.8174966354101,57.17985049528905
390,13.013,3.0,DESCENDING,START,90.33049700685257,85.3436526419085,58.48658610690643
391,13.046,3.0,BOTTOM,BOTTOM,88.42340571669655,86.50206260192638,59.68849071957993
392,13.079,3.0,BOTTOM,BOTTOM,86.85301109958344,87.41881747320909,60.56829267885763
393,13.113,3.0,BOTTOM,BOTTOM,84.31963565729522,88.19068406000835,61.14144730557763
394,13.146,3.0,BOTTOM,BOTTOM,81.77591703045852,89.19268375088829,61.48624179704454
395,13.179,3.0,BOTTOM,BOTTOM,80.0530176022709,90.18857866212049,61.93948175465389
396,13.213,3.0,BOTTOM,BOTTOM,78.63775365896173,91.08883529886842,62.225968468815935
397,13.246,3.0,BOTTOM,BOTTOM,77.5661761140212,91.82251632568438,62.508625843909215
398,13.279,3.0,ASCENDING,ASCENT,77.63419372955232,92.13543268072337,62.844335341530474
399,13.313,3.0,ASCENDING,ASCENT,77.76419876630237,92.38709634031669,62.97092957071827
400,13.346,3.0,ASCENDING,ASCENT,78.13614796378856,92.33919374490922,63.00925590627909
401,13.38,3.0,ASCENDING,ASCENT,78.79593758525196,91.90371309564713,62.70371856836732
402,13.413,3.0,ASCENDING,ASCENT,79.76396236875442,90.79190290450087,62.45040898203952
403,13.446,3.0,ASCENDING,ASCENT,81.08008389855968,89.28047424117568,62.25015188557889
404,13.48,3.0,ASCENDING,ASCENT,83.34718238454494,86.75603987159951,61.81317302686457
405,13.513,3.0,ASCENDING,ASCENT,86.44904109067613,83.6157464749225,60.98724418967257
406,13.546,3.0,ASCENDING,ASCENT,89.71238802329472,80.56158397057847,60.02537639637286
407,13.58,3.0,ASCENDING,ASCENT,92.95805422964821,78.11938814769064,58.5880764730011
408,13.613,3.0,ASCENDING,ASCENT,96.47560113141603,75.7855613169949,56.37841523208802
409,13.646,3.0,ASCENDING,ASCENT,99.66236851044229,73.79595042224332,54.114043036429756
410,13.68,3.0,ASCENDING,ASCENT,102.54881657618633,71.61702298687722,51.821620472238784
411,13.713,3.0,ASCENDING,ASCENT,106.24068709641855,69.0242649322777,49.2662037468796
412,13.747,3.0,ASCENDING,ASCENT,110.6309518719961,65.8181314968052,46.747728852118236
413,13.78,3.0,ASCENDING,ASCENT,114.82035947689405,62.073945096121136,44.27143233868442
414,13.813,3.0,ASCENDING,ASCENT,118.63502539694687,58.002739720787076,41.60190019852361
415,13.847,3.0,ASCENDING,ASCENT,122.2808050039459,53.88051395362815,38.850978770693544
416,13.88,3.0,ASCENDING,ASCENT,125.20852012878,49.68107022637652,36.195833950926556
417,13.913,3.0,ASCENDING,ASCENT,127.83107333065031,45.37875637633741,33.30818712801569
418,13.947,3.0,ASCENDING,ASCENT,130.9896665720004,41.12278163134501,30.411709914422897
419,13.98,3.0,ASCENDING,ASCENT,134.6906131742621,36.93461206575023,27.38999980707008
420,14.014,3.0,ASCENDING,ASCENT,138.37015303729245,32.91862535064712,24.243035490039084
421,14.047,3.0,ASCENDING,ASCENT,142.33030885698992,29.03300103370334,20.881936559208942
422,14.08,3.0,ASCENDING,ASCENT,146.07717762271915,25.499830277280363,17.761258056031785
423,14.114,3.0,ASCENDING,ASCENT,149.2202833700268,22.279777640266204,14.851870220820336
424,14.147,3.0,ASCENDING,ASCENT,152.15571232438356,19.304458594689955,12.185307881844142
425,14.18,3.0,ASCENDING,ASCENT,155.11977362653155,16.502470783167432,9.859171070170182
426,14.214,3.0,ASCENDING,ASCENT,157.8327025191613,14.02483111712375,7.97762002086616
427,14.247,3.0,ASCENDING,ASCENT,160.3464467908785,11.607752054797768,6.1043617372466015
428,14.28,3.0,ASCENDING,ASCENT,162.66599514631525,9.430072451830423,4.368271176379325
429,14.314,3.0,ASCENDING,ASCENT,164.83141025622405,7.406413378453172,2.923299733962521
430,14.347,,STANDING,END,167.19051545090963,5.424492622388015,2.0373169064769097
431,14.381,,STANDING,END,169.26429178384132,3.6701293609421293,1.6477115931698385
432,14.414,,STANDING,END,170.98680015192642,2.246351145140266,1.730538421291983
433,14.447,,STANDING,END,172.46939114321245,1.2185637018138187,2.2446386307502104
434,14.481,,STANDING,END,173.84709688679314,0.7197756453995057,2.9728734599278166
435,14.514,,STANDING,END,174.79226577184227,0.7016600502837443,3.544790007831935
436,14.547,,STANDING,END,175.45828363540838,0.9054701140200627,3.9959287006576516
437,14.581,,STANDING,END,176.0956191745298,1.2103475318734316,4.293289285519506
438,14.614,,STANDING,END,176.74249115087937,1.5090970340076415,4.503496675678525
439,14.647,,STANDING,END,177.02721525591903,1.6900292493861102,4.685848139709057
440,14.681,,STANDING,END,177.13224168580598,1.8017099246198776,4.836222270014277
441,14.714,,STANDING,END,177.27987585221754,1.8958886286000998,4.92659960740585
442,14.748,,STANDING,END,177.34967009828674,2.004323442849869,5.091127475425422
443,14.781,,STANDING,END,177.38321930506163,2.092914379294199,5.236335603584438
444,14.814,,STANDING,END,177.43171327171314,2.144683116818605,5.322556700550324
445,14.848,,STANDING,END,177.5517719821399,2.2168853064516854,5.38621493760194
446,14.881,,STANDING,END,177.69173797028046,2.3288410951693863,5.485895649136014
447,14.914,,STANDING,END,177.86430134145886,2.438757567952613,5.549528105524361
448,14.948,,STANDING,END,177.99202583998084,2.5454401810639817,5.626289376198793
449,14.981,,STANDING,END,178.08409047413903,2.668805930516571,5.729107756575514
450,15.015,,STANDING,END,178.15717021006222,2.720884264991071,5.778320843395751
451,15.048,,STANDING,END,178.21046768342052,2.722584934044783,5.780184947928077
452,15.081,,STANDING,END,178.13088685162913,2.674457251008577,5.770061448153099
453,15.115,,STANDING,END,177.98193088524818,2.6015336119903267,5.739093541214009
454,15.148,,STANDING,END,177.79321704114122,2.472796863913172,5.643989300813272
455,15.181,,STANDING,END,177.41265471835612,2.2996001834055777,5.528807004094031
456,15.215,,STANDING,END,176.70754077684637,2.0419605588170158,5.40818681762047
457,15.248,,STANDING,END,175.98937510316682,1.7513140625757841,5.273628092959634
458,15.281,,STANDING,END,175.27840736773788,1.4602238035158845,5.1421149982575685
459,15.315,,STANDING,END,174.5685863701284,1.1746406204303752,5.038027326345784
460,15.348,,STANDING,END,174.00182607369447,0.936470262270725,4.944790703122329
461,15.382,,STANDING,END,173.7410949955569,0.7869389716770185,4.870873274773013
462,15.415,,STANDING,END,173.67781502426533,0.6998581576276031,4.774035368010511
463,15.448,,STANDING,END,173.66543832431785,0.6367756652338423,4.678633443524941
464,15.482,,STANDING,END,173.65574299597347,0.6060064070179607,4.618862616301437
465,15.515,,STANDING,END,173.64316471977855,0.5717104096472845,4.538455360823846
466,15.548,,STANDING,END,173.60056372982396,0.5248021386353141,4.466377691810748
467,15.582,,STANDING,END,173.48286777740233,0.46284244940708924,4.404783893712472
468,15.615,,STANDING,END,173.36189876840064,0.35096983500523676,4.284954120419036
469,15.648,,STANDING,END,173.21412426946716,0.31982915181854743,4.051489995286656
470,15.682,,STANDING,END,172.93153060599272,0.4623141440331818,3.7189101150534727
471,15.715,,STANDING,END,172.31125023343785,0.933826244358675,3.129590848762073
472,15.749,,STANDING,END,171.00789414243522,1.8321731590336026,2.3380320809633655
473,15.782,,STANDING,END,169.18626729570457,3.2022393203075517,1.7603516682554907
474,15.815,,STANDING,END,166.56731940002604,5.085118175793147,1.6436597816619476
475,15.849,,STANDING,END,163.12488973253636,7.438291144690933,2.050509444620414
476,15.882,4.0,DESCENDING,START,158.88833885131604,10.271354118439316,3.1220498400083083
477,15.915,4.0,DESCENDING,START,154.475027994824,13.338398942591647,4.79954871052639
478,15.949,4.0,DESCENDING,START,149.71909835398037,16.655639001337327,6.77742273153728
479,15.982,4.0,DESCENDING,START,145.16917517383285,19.991663619467694,8.849730493904563
480,16.016,4.0,DESCENDING,START,140.80680100627353,23.40749634282384,10.89117796689313
481,16.049,4.0,DESCENDING,START,136.64372462099848,26.665887206897175,12.817362998118341
482,16.082,4.0,DESCENDING,START,133.4325712013587,29.390610059960032,14.714135874159206
483,16.116,4.0,DESCENDING,START,129.7571463473775,32.07824371046013,16.460775371552174
484,16.149,4.0,DESCENDING,START,126.57306863356709,34.507970779471506,18.02829075499565
485,16.182,4.0,DESCENDING,START,124.1253151879242,36.515492510260074,19.63291833067192
486,16.216,4.0,DESCENDING,START,122.60902122206453,38.00732148424634,21.23137712196931
487,16.249,4.0,DESCENDING,START,120.55228480319423,39.832024682584276,22.75015411715349
488,16.282,4.0,DESCENDING,START,119.48207757115676,41.48994010830927,24.30096841136837
489,16.316,4.0,DESCENDING,START,118.32016987261818,43.04136299861483,25.851230772512185
490,16.349,4.0,DESCENDING,START,117.0238204377622,44.52632299206717,27.18146614845056
491,16.383,4.0,DESCENDING,START,115.58259507043356,46.0758636997774,28.455528428118612
492,16.416,4.0,DESCENDING,START,114.41956062881937,47.58413607444549,29.703052367427574
493,16.449,4.0,DESCENDING,START,115.27853724988117,48.60247325042667,30.838685185138438
494,16.483,4.0,DESCENDING,START,117.21398410336727,49.3939238993119,31.79713607137583
495,16.516,4.0,DESCENDING,START,118.60502537379496,50.38149035239114,32.67740096278342
496,16.549,4.0,DESCENDING,START,119.79373677955252,51.47054717501965,33.468358823544634
497,16.583,4.0,DESCENDING,START,120.77574291209507,52.37072463367417,34.11578083422623
498,16.616,4.0,DESCENDING,START,119.61928507491321,53.57441829172825,34.642064771750924
499,16.649,4.0,DESCENDING,START,117.29973513823423,54.93542442530732,35.1689881711164
500,16.683,4.0,DESCENDING,START,114.91132945017982,56.40295665536361,35.729899030313405
501,16.716,4.0,DESCENDING,START,112.86163519955922,57.7374700210212,36.28763605484658
502,16.75,4.0,DESCENDING,START,110.95447729665223,59.231623280524886,36.986990563002585
503,16.783,4.0,DESCENDING,START,109.5011574680536,60.6156173975822,37.77232510379768
504,16.816,4.0,DESCENDING,START,108.00595516131239,62.00029802000379,38.57651024195565
505,16.85,4.0,DESCENDING,START,107.54457599702941,62.9091241978281,39.208285040006615
506,16.883,4.0,DESCENDING,START,109.32201518327486,63.482680327597926,40.0109431397679
507,16.916,4.0,DESCENDING,START,110.49854800070602,64.14521206015391,40.68841454608976
508,16.95,4.0,DESCENDING,START,111.75614621465743,64.81379989143325,41.331479974862155
509,16.983,4.0,DESCENDING,START,112.23232498877772,65.87013923928279,41.97654816456088
510,17.017,4.0,DESCENDING,START,111.92713200465826,66.96053199155759,42.7707696179834
511,17.05,4.0,DESCENDING,START,110.72347133606283,68.00360039087214,43.39058913484636
512,17.083,4.0,DESCENDING,START,109.50432698193586,69.0007166512896,44.026124025410624
513,17.117,4.0,DESCENDING,START,107.66506465776592,70.19665144191963,44.59051456917426
514,17.15,4.0,DESCENDING,START,105.52222099044243,71.06173475851585,45.06099920241134
515,17.183,4.0,DESCENDING,START,103.45296831170353,72.13271330838234,45.53016018839584
516,17.217,4.0,DESCENDING,START,100.23574453696615,73.46678260556232,45.991388187126134
517,17.25,4.0,DESCENDING,START,97.53598298648896,74.83586032570514,46.50238307189707
518,17.283,4.0,DESCENDING,START,95.11258555361137,76.2431449238331,47.08557811916723
519,17.317,4.0,DESCENDING,START,92.96114553310957,77.74623743084287,47.654396092106246
520,17.35,4.0,DESCENDING,START,91.11271518148176,79.32092469470041,48.28076948379265
521,17.384,4.0,BOTTOM,BOTTOM,88.61800370816147,81.132597672268,48.809669403907115
522,17.417,4.0,BOTTOM,BOTTOM,86.02010923338642,83.1061855728278,49.40384936360298
523,17.45,4.0,BOTTOM,BOTTOM,83.08195636519648,84.83514098776277,49.83389984981434
524,17.484,4.0,BOTTOM,BOTTOM,80.5505743034136,86.84468538234111,50.195430835037975
525,17.517,4.0,BOTTOM,BOTTOM,77.8850254077045,88.38209440840828,50.40056568942496
526,17.55,4.0,BOTTOM,BOTTOM,75.55600431930877,89.76941780012974,50.630476803729174
527,17.584,4.0,BOTTOM,BOTTOM,73.64969758150451,90.63329972476342,50.70917843729342
528,17.617,4.0,BOTTOM,BOTTOM,72.39962501642141,91.25191209853186,50.819904925240486
529,17.65,4.0,BOTTOM,BOTTOM,71.8658321730328,91.26823946424017,51.03549082361061
530,17.684,4.0,BOTTOM,BOTTOM,71.66961677271163,91.27827488759858,51.325198496562564
531,17.717,4.0,BOTTOM,BOTTOM,71.45694970163679,91.28792474941444,51.55201853637677
532,17.751,4.0,BOTTOM,BOTTOM,71.27279457316767,91.40187610511809,51.77495065182601
533,17.784,4.0,BOTTOM,BOTTOM,71.1660024594825,91.54355816365778,51.99391077945789
534,17.817,4.0,BOTTOM,BOTTOM,70.91336895288991,91.76661412412594,52.11878802889324
535,17.851,4.0,BOTTOM,BOTTOM,70.57173700623173,91.98363975912704,52.18290680399225
536,17.884,4.0,BOTTOM,BOTTOM,70.39763129959822,91.96583081676754,52.273254534108204
537,17.917,4.0,BOTTOM,BOTTOM,70.15710791895893,91.68041385370881,52.241601948023096
538,17.951,4.0,BOTTOM,BOTTOM,69.76688460348005,91.43279535828995,52.16601399169374
539,17.984,4.0,BOTTOM,BOTTOM,69.56416770452039,91.06760849354893,52.143148658996964
540,18.018,4.0,BOTTOM,BOTTOM,69.44889243748447,90.84175902764937,51.97611788583886
541,18.051,4.0,ASCENDING,ASCENT,69.69014963360054,90.46624162361665,51.67094224147544
542,18.084,4.0,ASCENDING,ASCENT,70.64324260819326,89.72839657454674,51.24518210970321
543,18.118,4.0,ASCENDING,ASCENT,71.99089687134305,88.80821601670763,50.670313477746014
544,18.151,4.0,ASCENDING,ASCENT,74.37114757124135,87.49198902548986,50.073032657193146
545,18.184,4.0,ASCENDING,ASCENT,77.75262702127888,85.25367111922657,49.325179764844734
546,18.218,4.0,ASCENDING,ASCENT,81.88790757689553,82.44050579244728,48.50082875031107
547,18.251,4.0,ASCENDING,ASCENT,86.22126603857873,79.51121161608634,47.44950485411132
548,18.284,4.0,ASCENDING,ASCENT,91.93346167689637,75.7856753601298,46.426776106285686
549,18.318,4.0,ASCENDING,ASCENT,96.46589586114105,72.67050892274209,45.174911321505945
550,18.351,4.0,ASCENDING,ASCENT,100.42291952373563,69.48184845955448,43.86608374765068
551,18.385,4.0,ASCENDING,ASCENT,103.94154088817106,66.36769133879297,42.35683422071717
552,18.418,4.0,ASCENDING,ASCENT,107.01846452774699,63.367910030905385,41.00633625096536
553,18.451,4.0,ASCENDING,ASCENT,109.48793733667605,60.552268494803876,39.419317220415564
554,18.485,4.0,ASCENDING,ASCENT,112.45298194795043,56.91925551688813,37.57263543316537
555,18.518,4.0,ASCENDING,ASCENT,115.4442222404073,53.534546897604045,35.64283916641322
556,18.551,4.0,ASCENDING,ASCENT,118.29674886078321,50.11984236384682,33.56757929522695
557,18.585,4.0,ASCENDING,ASCENT,121.7342368353774,46.33102186231106,31.1959395667953
558,18.618,4.0,ASCENDING,ASCENT,125.25914688927355,42.43014657913628,28.589352485689894
559,18.651,4.0,ASCENDING,ASCENT,129.3705102592373,38.393926931624335,25.85731876215332
560,18.685,4.0,ASCENDING,ASCENT,133.60428632322845,34.55068077266012,22.904128965452504
561,18.718,4.0,ASCENDING,ASCENT,138.15751920556264,30.667538747487203,19.73629015664839
562,18.752,4.0,ASCENDING,ASCENT,142.41959973074717,26.962790371453064,16.653045757203436
563,18.785,4.0,ASCENDING,ASCENT,146.23604995688345,23.60272503022108,13.799962696525181
564,18.818,4.0,ASCENDING,ASCENT,149.6464403233871,20.437390078826898,11.10509564550071
565,18.852,4.0,ASCENDING,ASCENT,153.09097208056306,17.229591663618457,8.629433877130566
566,18.885,4.0,ASCENDING,ASCENT,156.4054492710414,14.206624037796441,6.431208878481831
567,18.918,4.0,ASCENDING,ASCENT,159.95891017776165,11.241793317648344,4.306914202810609
568,18.952,4.0,ASCENDING,ASCENT,163.15547688835807,8.36950372424045,2.885047703767087
569,18.985,,STANDING,END,166.3257031294499,5.726016644988954,2.2035973944098215
570,19.019,,STANDING,END,169.1348660719857,3.559050116537212,1.9619901083066609
571,19.052,,STANDING,END,171.22902054303285,1.9852484430084942,2.2929770701000214
572,19.085,,STANDING,END,172.43904087755354,0.940275407552271,3.0380044765111087
573,19.119,,STANDING,END,173.66256014869208,0.5481541536973736,3.556561603710145
574,19.152,,STANDING,END,174.54888574161606,0.6508976301305328,3.915108565405582
575,19.185,,STANDING,END,175.13256601801535,0.8857260623565075,4.287301737671687
576,19.219,,STANDING,END,175.6771962713915,1.1645956882613882,4.550477500263883
577,19.252,,STANDING,END,176.1761057824765,1.5023574636693218,4.761973359428049
578,19.285,,STANDING,END,176.33595527157254,1.7687407300972808,4.968880555522575
579,19.319,,STANDING,END,176.41866157085042,1.9438033706179823,5.108750798894911
580,19.352,,STANDING,END,176.57018264155835,2.1623275053364575,5.270842182222056
581,19.386,,STANDING,END,176.78700006155208,2.419339439589808,5.461366620799839
582,19.419,,STANDING,END,176.9951797265703,2.6675631007510745,5.647410032834344
583,19.452,,STANDING,END,177.14242903917318,2.8299830605585923,5.768385153302108
584,19.486,,STANDING,END,177.22786396522176,2.937330419848114,5.849483119008015
585,19.519,,STANDING,END,177.2130630396233,2.9626995468461663,5.875368573991087
586,19.552,,STANDING,END,176.93610021290536,2.875072399826673,5.848598528771811
587,19.586,,STANDING,END,176.437281382461,2.6899466687416007,5.771012202518756
588,19.619,,STANDING,END,175.61517032646745,2.346472207523203,5.592786593886594
589,19.652,,STANDING,END,174.57203466459663,1.8513155031966875,5.297908254594061
590,19.686,,STANDING,END,172.7326860512498,1.5958044956358894,4.7502897206947745
591,19.719,,STANDING,END,170.58058172411586,1.7981153681724247,3.984308213087042
592,19.753,,STANDING,END,168.0166334284248,2.5648789667567695,2.9822552081678113
593,19.786,,STANDING,END,164.59694265369353,4.14062541207508,2.244893082747159
594,19.819,,STANDING,END,160.86300784139956,6.255646010586652,1.8950319592802423
595,19.853,5.0,DESCENDING,START,156.71878005793536,8.855460743406931,2.140336561298965
596,19.886,5.0,DESCENDING,START,151.76794564386552,11.938322647938222,3.077955439950901
597,19.919,5.0,DESCENDING,START,146.70161226254552,15.302930754761906,4.870269196242525
598,19.953,5.0,DESCENDING,START,141.9607921514136,18.785924049204198,7.158328477712871
599,19.986,5.0,DESCENDING,START,136.66955139679402,22.70335170734426,9.785279839282556